run_utc,ticker,source,rank,best_lens,lens_score,screen_status,price,currency,z_quality,z_value,z_growth,z_defensive,z_contrarian
2026-08-25T09:04:27+00:00,AAPL,watchlist,20,quality,1.664,FAIL,309.35,USD,1.664,-1.178,-0.232,0.081,-0.812
2026-08-25T09:04:27+00:00,ABB.ST,holding,64,quality,0.149,FAIL,924.6,SEK,0.149,-1.235,-0.277,0.049,-0.346
2026-08-25T09:04:27+00:00,ABBV,watchlist,58,growth,0.542,FAIL,264.96,USD,0.479,-0.393,0.542,0.329,-0.877
2026-08-25T09:04:27+00:00,AFRY.ST,new,31,value,1.447,PASS,102.8,SEK,-0.736,1.447,0.037,0.351,0.603
2026-08-25T09:04:27+00:00,ALFA.ST,holding,66,defensive,0.137,PASS,566.0,SEK,-0.086,-0.191,-0.184,0.137,-0.375
2026-08-25T09:04:27+00:00,ALL,new,18,value,1.714,PASS,253.83,USD,0.714,1.714,-0.746,0.647,0.807
2026-08-25T09:04:27+00:00,AMD,watchlist,36,growth,1.353,FAIL,473.25,USD,-0.015,-1.196,1.353,-0.145,-0.627
2026-08-25T09:04:27+00:00,AMZN,watchlist,69,quality,0.036,PASS,258.63,USD,0.036,-0.153,-0.007,0.036,0.005
2026-08-25T09:04:27+00:00,APO,new,16,growth,1.736,FAIL,132.69,USD,-0.352,0.119,1.736,-0.499,-0.353
2026-08-25T09:04:27+00:00,APP,new,1,quality,2.562,PASS,305.77,USD,2.562,-1.007,1.415,0.226,0.474
2026-08-25T09:04:27+00:00,ASML,watchlist,48,quality,0.948,FAIL,1763.76,USD,0.948,-1.274,0.62,0.178,-0.26
2026-08-25T09:04:27+00:00,ASSA-B.ST,watchlist,67,contrarian,0.111,MISSING,350.7,SEK,-0.223,0.075,-0.01,0.0,0.111
2026-08-25T09:04:27+00:00,ATCO-B.ST,holding,56,quality,0.568,MISSING,176.95,SEK,0.568,-0.21,-0.083,0.151,-0.429
2026-08-25T09:04:27+00:00,AVGO,watchlist,21,growth,1.644,FAIL,368.45,USD,0.946,-1.24,1.644,0.049,-0.063
2026-08-25T09:04:27+00:00,AXON,new,33,growth,1.399,FAIL,627.75,USD,-1.062,-1.276,1.399,-0.689,-0.79
2026-08-25T09:04:27+00:00,AZN.ST,holding,59,defensive,0.463,MISSING,1568.0,SEK,0.109,-1.604,0.133,0.463,-0.566
2026-08-25T09:04:27+00:00,BALD-B.ST,new,19,contrarian,1.669,PASS,53.34,SEK,0.116,0.813,-0.133,-0.614,1.669
2026-08-25T09:04:27+00:00,BETS-B.ST,new,42,defensive,1.187,FAIL,93.7,SEK,0.027,-0.29,-0.515,1.187,0.685
2026-08-25T09:04:27+00:00,BTC0E.AS,holding,,,,MISSING,47.292,EUR,,,,,
2026-08-25T09:04:27+00:00,CATE.ST,new,12,contrarian,1.805,PASS,389.8,SEK,0.298,0.341,-0.665,-0.071,1.805
2026-08-25T09:04:27+00:00,CHTR,new,14,value,1.739,FAIL,150.17,USD,-0.311,1.739,-0.283,-0.803,1.148
2026-08-25T09:04:27+00:00,CMCSA,new,22,value,1.56,PASS,26.85,USD,-0.344,1.56,-0.509,0.425,0.794
2026-08-25T09:04:27+00:00,CME,new,43,defensive,1.18,PASS,274.98,USD,1.166,-0.501,-0.608,1.18,0.874
2026-08-25T09:04:27+00:00,CORE-B.ST,new,25,value,1.506,FAIL,2.41,SEK,-1.012,1.506,-1.051,-1.032,0.127
2026-08-25T09:04:27+00:00,DOM.ST,new,28,value,1.463,PASS,22.9,SEK,-0.865,1.463,-0.311,-0.175,0.404
2026-08-25T09:04:27+00:00,EG,new,10,value,1.824,PASS,370.06,USD,-0.23,1.824,-0.179,0.435,0.755
2026-08-25T09:04:27+00:00,ERIC-B.ST,watchlist,51,value,0.703,MISSING,96.72,SEK,0.094,0.703,-0.349,0.601,0.443
2026-08-25T09:04:27+00:00,EVO.ST,watchlist,29,defensive,1.455,PASS,826.8,SEK,1.369,-0.971,-0.104,1.455,-0.181
2026-08-25T09:04:27+00:00,EXE,new,40,contrarian,1.265,PASS,96.09,USD,0.173,1.081,-0.944,0.704,1.265
2026-08-25T09:04:27+00:00,FANG,new,30,growth,1.449,FAIL,210.72,USD,0.137,0.338,1.449,0.371,-0.471
2026-08-25T09:04:27+00:00,FIS,new,17,value,1.722,PASS,41.34,USD,-0.293,1.722,-0.086,0.195,1.571
2026-08-25T09:04:27+00:00,FISV,new,24,value,1.527,MISSING,52.58,USD,,1.527,0.117,,1.38
2026-08-25T09:04:27+00:00,GOOGL,watchlist,34,quality,1.382,PASS,344.82,USD,1.382,-0.339,0.025,0.557,0.706
2026-08-25T09:04:27+00:00,GPN,new,26,growth,1.498,FAIL,93.49,USD,-0.929,1.231,1.498,-0.553,-0.808
2026-08-25T09:04:27+00:00,HD,watchlist,60,quality,0.43,FAIL,335.61,USD,0.43,-0.581,-0.295,-0.494,-0.335
2026-08-25T09:04:27+00:00,HEXA-B.ST,watchlist,65,quality,0.141,PASS,100.7,SEK,0.141,-1.079,-0.84,0.116,-0.47
2026-08-25T09:04:27+00:00,HM-B.ST,watchlist,68,value,0.089,PASS,184.5,SEK,-0.139,0.089,-0.594,-0.145,-0.507
2026-08-25T09:04:27+00:00,INDU-C.ST,watchlist,7,quality,1.898,MISSING,531.2,SEK,1.898,1.33,0.351,0.89,1.441
2026-08-25T09:04:27+00:00,INVE-A.ST,holding,11,quality,1.817,MISSING,407.9,SEK,1.817,1.188,0.479,0.878,1.344
2026-08-25T09:04:27+00:00,JNJ,watchlist,55,defensive,0.585,PASS,270.24,USD,0.348,-0.355,-0.577,0.585,-0.389
2026-08-25T09:04:27+00:00,KINV-B.ST,watchlist,57,growth,0.544,MISSING,57.12,SEK,-0.221,-0.351,0.544,-0.306,0.276
2026-08-25T09:04:27+00:00,KO,watchlist,54,quality,0.586,PASS,91.1,USD,0.586,-0.528,-0.625,0.517,-0.327
2026-08-25T09:04:27+00:00,LATO-B.ST,watchlist,52,contrarian,0.68,MISSING,197.25,SEK,-0.274,0.109,-0.164,0.082,0.68
2026-08-25T09:04:27+00:00,LLY,new,15,quality,1.738,FAIL,1255.4,USD,1.738,-1.385,1.401,0.23,-0.965
2026-08-25T09:04:27+00:00,LUND-B.ST,watchlist,49,contrarian,0.774,MISSING,569.5,SEK,0.577,0.68,-0.107,0.325,0.774
2026-08-25T09:04:27+00:00,MA,new,4,quality,2.242,FAIL,580.63,USD,2.242,-1.302,0.237,-0.121,-0.584
2026-08-25T09:04:27+00:00,META,watchlist,50,growth,0.774,PASS,549.9,USD,0.646,-0.083,0.774,0.102,0.761
2026-08-25T09:04:27+00:00,MO,new,23,quality,1.559,MISSING,66.09,USD,1.559,0.479,-0.482,1.29,0.837
2026-08-25T09:04:27+00:00,MSFT,watchlist,47,quality,0.985,PASS,483.24,USD,0.985,-0.545,0.422,0.385,0.247
2026-08-25T09:04:27+00:00,MU,new,6,quality,1.924,MISSING,966.78,USD,1.924,0.663,0.937,0.109,0.456
2026-08-25T09:04:27+00:00,NOVO-B.CO,watchlist,39,quality,1.314,PASS,299.25,DKK,1.314,0.364,-0.285,1.006,0.906
2026-08-25T09:04:27+00:00,NVDA,watchlist,3,quality,2.521,PASS,214.72,USD,2.521,-1.26,1.906,0.171,-0.088
2026-08-25T09:04:27+00:00,PEP,watchlist,63,defensive,0.244,PASS,143.48,USD,0.138,0.118,-0.173,0.244,0.221
2026-08-25T09:04:27+00:00,PG,watchlist,53,defensive,0.591,PASS,144.68,USD,0.243,-0.029,-0.676,0.591,0.386
2026-08-25T09:04:27+00:00,RDDT,new,38,growth,1.327,PASS,153.29,USD,0.919,-0.464,1.327,0.335,0.405
2026-08-25T09:04:27+00:00,SAAB-B.ST,watchlist,61,defensive,0.292,FAIL,642.2,SEK,-0.171,-0.498,0.256,0.292,-0.431
2026-08-25T09:04:27+00:00,SAND.ST,watchlist,70,quality,-0.04,PASS,387.1,SEK,-0.04,-0.205,-0.156,-0.096,-0.353
2026-08-25T09:04:27+00:00,SEB-A.ST,watchlist,45,defensive,1.089,MISSING,218.1,SEK,0.556,0.353,-0.365,1.089,0.609
2026-08-25T09:04:27+00:00,SHB-A.ST,holding,37,defensive,1.346,MISSING,144.55,SEK,0.473,0.52,-0.62,1.346,0.725
2026-08-25T09:04:27+00:00,SMCI,new,13,growth,1.785,PASS,37.24,USD,-0.027,0.551,1.785,-0.431,0.471
2026-08-25T09:04:27+00:00,SNDK,new,2,quality,2.533,PASS,1596.08,USD,2.533,0.165,,1.264,0.421
2026-08-25T09:04:27+00:00,SWED-A.ST,watchlist,35,defensive,1.362,MISSING,368.2,SEK,0.569,0.339,-1.018,1.362,0.702
2026-08-25T09:04:27+00:00,TEL2-B.ST,new,46,defensive,1.039,PASS,167.75,SEK,0.4,0.322,-1.302,1.039,0.892
2026-08-25T09:04:27+00:00,TPL,new,9,quality,1.856,FAIL,383.64,USD,1.856,-0.538,0.18,0.914,0.374
2026-08-25T09:04:27+00:00,TSM,watchlist,27,quality,1.49,PASS,418.95,USD,1.49,-0.656,0.988,0.597,-0.435
2026-08-25T09:04:27+00:00,UHS,new,32,value,1.405,PASS,177.26,USD,-0.241,1.405,-0.073,-0.294,1.006
2026-08-25T09:04:27+00:00,V,new,5,quality,1.95,PASS,371.04,USD,1.95,-1.08,0.185,0.611,-0.178
2026-08-25T09:04:27+00:00,VICI,new,8,contrarian,1.857,PASS,26.51,USD,0.709,0.641,0.061,1.136,1.857
2026-08-25T09:04:27+00:00,VOLCAR-B.ST,new,41,contrarian,1.212,MISSING,19.225,SEK,-0.654,0.37,-0.639,0.107,1.212
2026-08-25T09:04:27+00:00,VOLV-B.ST,holding,62,value,0.289,PASS,347.0,SEK,-0.477,0.289,-0.152,-0.276,-0.2
2026-08-25T09:04:27+00:00,VRTX,new,44,defensive,1.132,PASS,548.05,USD,0.793,-0.57,0.132,1.132,-0.147
