decided_utc,sweep_csv,voice,ticker,action,conviction,confidence,horizon,source,screen_status,best_lens,rank,entry_price,currency,sector,country,pe,fwd_pe,peg,roic_pct,margin_pct,de_ratio,rev_growth_pct,fcf_yield_pct,div_yield_pct,beta,pct_52w_range,thin_lenses,thesis,status,status_date,status_note
2026-08-31T06:36:30+00:00,20260831T061021-candidates.csv,fundamental,NVDA,BUY,8,Medium,Medium,watchlist,PASS,quality,3,227.98,USD,Technology,United States,27.468435,14.213399,0.63,67.8,63.7,16.971,105.9,0.8,0.46,2.215,88.0,,Elite and internally coherent quality: ROIC 67.8 ROE 117.2 op margin 66.2 net margin 63.7 with net cash (ND/EBITDA -0.12) alongside 105.9% ttm revenue growth. Highest quality composite in the set whose ratios are not currency-contaminated.,open,,
2026-08-31T06:36:30+00:00,20260831T061021-candidates.csv,fundamental,V,BUY,7,Medium,Long,new,PASS,quality,6,379.66,USD,Financial Services,United States,32.476597,25.432709,1.72,41.5,50.8,67.821,14.4,2.86,0.7,0.759,94.0,,The clean half of the payments duopoly: ROE 61.2 ROIC 41.5 op margin 66.1 ND/EBITDA 0.32 and D/E 67.8 versus Mastercard's 439.6 which fails the screen. Same network economics without the leverage-artifact flag.,open,,
2026-08-31T06:36:30+00:00,20260831T061021-candidates.csv,fundamental,APP,BUY,7,Low,Medium,new,PASS,quality,1,312.63,USD,Communication Services,United States,24.443077,14.864721,0.88,65.5,64.6,111.13,52.8,2.98,,2.529,3.0,,Op margin 77.7 net margin 64.6 ROIC 65.5 and ND/EBITDA 0.09 - the D/E of 111 is a buyback-shrunken book-equity artifact not real leverage. Business quality is not in question; why the price sits at 3% of range is.,open,,
2026-08-31T06:36:30+00:00,20260831T061021-candidates.csv,fundamental,VOLV-B.ST,SELL,5,Low,Medium,holding,PASS,value,63,346.4,SEK,Industrials,Sweden,19.8745,13.991968,1.45,9.7,7.6,147.349,2.7,3.39,2.44,0.983,78.0,,Weakest composite quality in the held book: 7.6% net margin and ROIC 9.7 against D/E 147.3. Quality lens would not own this; flagged knowing thesis-review has it TOO_EARLY at 4 weeks into a 3-month window.,open,,
2026-08-31T06:36:30+00:00,20260831T061021-candidates.csv,valuation,VICI,BUY,8,Medium,Medium,new,PASS,contrarian,8,25.77,USD,Real Estate,United States,10.027132,8.652174,,4.8,67.5,60.277,5.7,0.94,6.98,0.687,0.0,,Forward P/E 8.65 and a 6.98% dividend at 0.0% of its 52-week range with 70.2% op margins and no revenue deterioration (5.7% ttm 15.5% 3y CAGR). No EV/EBITDA exists in this system so leverage is approximated from ND/EBITDA 4.82.,open,,
2026-08-31T06:36:30+00:00,20260831T061021-candidates.csv,valuation,EG,BUY,7,Medium,Medium,new,PASS,value,13,377.66,USD,Financial Services,Bermuda,7.9816103,6.319625,0.97,12.8,11.4,23.26,-11.3,14.26,2.12,0.279,76.0,,Cheap on both bases: trailing P/E 7.98 forward 6.32 PEG 0.97 FCF yield 14.26% beta 0.279. The -11.3% ttm revenue decline needs confirming as reinsurance-cycle normalisation rather than demand loss.,open,,
2026-08-31T06:36:30+00:00,20260831T061021-candidates.csv,valuation,NVDA,BUY,7,Medium,Medium,watchlist,PASS,quality,3,227.98,USD,Technology,United States,27.468435,14.213399,0.63,67.8,63.7,16.971,105.9,0.8,0.46,2.215,88.0,,PEG 0.63 - lowest in the set - with forward P/E 14.21 against trailing 27.47. Paying 14x forward for 105.9% revenue growth is a valuation call not a momentum one.,open,,
2026-08-31T06:36:30+00:00,20260831T061021-candidates.csv,valuation,APP,BUY,6,Low,Medium,new,PASS,quality,1,312.63,USD,Communication Services,United States,24.443077,14.864721,0.88,65.5,64.6,111.13,52.8,2.98,,2.529,3.0,,PEG 0.88 with forward P/E 14.86 below trailing 24.44 while the price sits at 3% of its 52-week range. Cheap on every fetched multiple; the missing input is why.,open,,
2026-08-31T06:36:30+00:00,20260831T061021-candidates.csv,valuation,ABB.ST,SELL,7,Medium,Medium,holding,FAIL,quality,64,938.4,SEK,Industrials,Switzerland,36.971115,35.94687,2.63,20.6,14.1,55.751,14.2,0.09,1.17,1.011,73.0,,Forward P/E 35.95 versus trailing 36.97 - essentially flat despite 14.2% ttm revenue growth - is the market pricing margin compression not a re-rating. PEG 2.63 is the richest of the three held industrials. Screen FAIL.,open,,
2026-08-31T06:36:30+00:00,20260831T061021-candidates.csv,valuation,ATCO-B.ST,SELL,5,Medium,Medium,holding,MISSING,quality,56,181.35,SEK,Industrials,Sweden,33.029198,,2.38,39.7,15.7,33.668,9.1,2.94,1.66,1.071,93.0,,Trailing P/E 33.03 PEG 2.38 and now at 93% of its 52-week range after a +3.3% week. No forward P/E fetched so the multiple cannot be cross-checked. Expensive with no stated catalyst.,open,,
2026-08-31T06:36:30+00:00,20260831T061021-candidates.csv,growth,NVDA,BUY,9,Medium,Medium,watchlist,PASS,quality,3,227.98,USD,Technology,United States,27.468435,14.213399,0.63,67.8,63.7,16.971,105.9,0.8,0.46,2.215,88.0,,105.9% ttm revenue growth on a 100% three-year CAGR with the forward multiple compressing 27.47 to 14.21 and PEG 0.63. Largest forward compression of any name at this scale that also passes the screen.,open,,
2026-08-31T06:36:30+00:00,20260831T061021-candidates.csv,growth,APP,BUY,7,Low,Medium,new,PASS,quality,1,312.63,USD,Communication Services,United States,24.443077,14.864721,0.88,65.5,64.6,111.13,52.8,2.98,,2.529,3.0,,52.8% ttm revenue growth on a 24.8% three-year CAGR - accelerating not decaying - with forward P/E 14.86 below trailing 24.44 meaning consensus estimates are still rising while the price is at the floor.,open,,
2026-08-31T06:36:30+00:00,20260831T061021-candidates.csv,growth,META,BUY,6,Medium,Medium,watchlist,PASS,growth,50,571.1,USD,Communication Services,United States,21.78741,16.533915,0.85,18.6,29.8,42.997,28.0,1.46,0.36,1.243,19.0,,28.0% revenue growth with forward P/E 16.53 below trailing 21.79 and PEG 0.85 at 19% of its 52-week range. Pulled back in from outside the focus set; case unchanged and intact since 2026-08-24.,open,,
2026-08-31T06:36:30+00:00,20260831T061021-candidates.csv,growth,SHB-A.ST,SELL,6,Medium,Medium,holding,MISSING,defensive,37,147.2,SEK,Financial Services,Sweden,12.464255,12.988606,20.28,1.2,42.6,,-3.8,,5.4,0.504,92.0,,Revenue -3.8% YoY and forward P/E 12.99 ABOVE trailing 12.46 - consensus expects earnings to fall - with the price at 92% of its 52-week range. PEG 20.28 is suspect-flagged and withheld from scoring.,open,,
2026-08-31T06:36:30+00:00,20260831T061021-candidates.csv,defensive,AZN.ST,BUY,8,High,Long,holding,MISSING,defensive,60,1571.5,SEK,Healthcare,United Kingdom,24.313786,,1.41,13.1,17.0,64.225,6.4,0.2,1.93,0.211,37.0,,Beta 0.211 is the lowest value in the entire 71-name set with ND/EBITDA 1.38 and a 23.5% op margin. The only genuine downside ballast in a book that has none and sits at 37% of range while everything else is at 73-93%.,open,,
2026-08-31T06:36:30+00:00,20260831T061021-candidates.csv,defensive,VICI,BUY,7,Medium,Medium,new,PASS,contrarian,8,25.77,USD,Real Estate,United States,10.027132,8.652174,,4.8,67.5,60.277,5.7,0.94,6.98,0.687,0.0,,Beta 0.687 on contracted triple-net rent with 70.2% op margins and a 6.98% gross yield. ND/EBITDA 4.82 is the real risk and it is the exact mechanism that would make the downside non-linear if rates stay put.,open,,
2026-08-31T06:36:30+00:00,20260831T061021-candidates.csv,defensive,NOVO-B.CO,BUY,6,Low,Medium,watchlist,PASS,quality,39,295.25,DKK,Healthcare,Denmark,11.270023,13.51948,3.13,35.6,35.3,63.327,2.1,2.88,3.96,0.349,38.0,,Beta 0.349 ROE 59.8 ROIC 35.6 P/E 11.27 at 38% of its 52-week range and passing the screen. Blocked from sizing for a third sweep because no SEK/DKK rate is fetched anywhere in this system.,open,,
2026-08-31T06:36:30+00:00,20260831T061021-candidates.csv,defensive,VOLV-B.ST,SELL,6,Medium,Medium,holding,PASS,value,63,346.4,SEK,Industrials,Sweden,19.8745,13.991968,1.45,9.7,7.6,147.349,2.7,3.39,2.44,0.983,78.0,,D/E 147.3 and ND/EBITDA 3.8 are the highest leverage of any operating company in the set on the thinnest net margin held (7.6%) into a +1.55% real SEK policy rate. Leverage does the damage before the multiple does.,open,,
2026-08-31T06:36:30+00:00,20260831T061021-candidates.csv,defensive,ABB.ST,SELL,5,Medium,Medium,holding,FAIL,quality,64,938.4,SEK,Industrials,Switzerland,36.971115,35.94687,2.63,20.6,14.1,55.751,14.2,0.09,1.17,1.011,73.0,,Beta 1.011 and 14.1% net margin adding to an industrials cluster portfolio rates ACT at 64.6% of the stock sleeve. Adds market exposure and no protection.,open,,
2026-08-31T06:36:30+00:00,20260831T061021-candidates.csv,contrarian,APP,BUY,7,Low,Medium,new,PASS,quality,1,312.63,USD,Communication Services,United States,24.443077,14.864721,0.88,65.5,64.6,111.13,52.8,2.98,,2.529,3.0,,Price at 3% of its 52-week range while every operating number is elite and the forward multiple is falling. Price and consensus estimates disagreeing this violently is the specific setup this lens exists for - but no news or regulatory data is fetched to test the cause.,open,,
2026-08-31T06:36:30+00:00,20260831T061021-candidates.csv,contrarian,VICI,BUY,7,Medium,Medium,new,PASS,contrarian,8,25.77,USD,Real Estate,United States,10.027132,8.652174,,4.8,67.5,60.277,5.7,0.94,6.98,0.687,0.0,,At the literal bottom (0.0%) of its 52-week range on a rate-driven de-rating while 5.7% ttm revenue growth 15.5% 3y CAGR and 67.5% net margin show no deterioration. The pessimism is about the discount rate not the tenant.,open,,
2026-08-31T06:36:30+00:00,20260831T061021-candidates.csv,contrarian,ZTS,BUY,6,Low,Medium,new,FAIL,contrarian,42,75.02,USD,Healthcare,United States,12.616638,11.841187,6.72,,27.7,293.996,-0.2,6.31,2.74,0.73,5.0,,Screen-failed on D/E 293.99 but ND/EBITDA is 1.86 - the D/E is a book-equity artifact so the machine's penalty is not deserved. At 5% of range with P/E 12.62 falling to 11.84 forward ROE 64.9 op margin 40.7 beta 0.73.,open,,
2026-08-31T06:36:30+00:00,20260831T061021-candidates.csv,contrarian,ATCO-B.ST,SELL,5,Medium,Medium,holding,MISSING,quality,56,181.35,SEK,Industrials,Sweden,33.029198,,2.38,39.7,15.7,33.668,9.1,2.94,1.66,1.071,93.0,,At 93% of its 52-week range on PEG 2.38 with no differentiated thesis - the opposite of a contrarian holding. Got more expensive this week on no news.,open,,
2026-08-31T06:36:30+00:00,20260831T061021-candidates.csv,macro,AZN.ST,BUY,7,Medium,Long,holding,MISSING,defensive,60,1571.5,SEK,Healthcare,United Kingdom,24.313786,,1.41,13.1,17.0,64.225,6.4,0.2,1.93,0.211,37.0,,The only held name on the right side of this regime: a USD/EUR-revenue pharma held in SEK gets a translation tailwind from the dollar index at 118.06 that is hurting everything else in the book.,open,,
2026-08-31T06:36:30+00:00,20260831T061021-candidates.csv,macro,EG,BUY,6,Low,Medium,new,PASS,value,13,377.66,USD,Financial Services,Bermuda,7.9816103,6.319625,0.97,12.8,11.4,23.26,-11.3,14.26,2.12,0.279,76.0,,Bermuda-domiciled reinsurance earning in USD with beta 0.279. A positive real-rate environment is directly accretive to an insurer's float income - a regime-specific argument rather than a generic value one.,open,,
2026-08-31T06:36:30+00:00,20260831T061021-candidates.csv,macro,MO,BUY,5,Low,Medium,new,MISSING,quality,23,67.67,USD,Consumer Defensive,United States,14.452632,11.706966,2.67,45.3,39.0,,1.2,7.88,6.47,0.495,58.0,,Beta 0.495 with a 6.47% dividend and 61.5% op margin as a US domestic earner - the profile a strong-dollar positive-real-rate regime rewards. Also the concrete case for closing D-c since exclusions are unstated.,open,,
2026-08-31T06:36:30+00:00,20260831T061021-candidates.csv,macro,ABB.ST,SELL,5,Medium,Medium,holding,FAIL,quality,64,938.4,SEK,Industrials,Switzerland,36.971115,35.94687,2.63,20.6,14.1,55.751,14.2,0.09,1.17,1.011,73.0,,A Nordic-listed industrial into a +1.55% real Swedish policy rate that mechanically favours SEK cash over SEK equities. Richest multiple of the cluster with no offsetting regime tailwind.,open,,
2026-08-31T06:36:30+00:00,20260831T061021-candidates.csv,copycat,AZN.ST,BUY,7,Medium,Long,holding,MISSING,defensive,60,1571.5,SEK,Healthcare,United Kingdom,24.313786,,1.41,13.1,17.0,64.225,6.4,0.2,1.93,0.211,37.0,,CEO Soriot and CFO Sarin both still accumulating with the latest filing 19/08/2026 and no disposals of substance. Two officers moving independently and repeatedly is the higher-quality pattern per this lens's own rule.,open,,
2026-08-31T06:36:30+00:00,20260831T061021-candidates.csv,copycat,SHB-A.ST,BUY,7,Low,Medium,holding,MISSING,defensive,37,147.2,SEK,Financial Services,Sweden,12.464255,12.988606,20.28,1.2,42.6,,-3.8,,5.4,0.504,92.0,,Chairman Par Boman filed 10 acquisitions dated 26/08/2026 totalling ~1850000 shares at ~146 SEK (~270M SEK) - the largest insider transaction in the fetched record. Caveat: FI filings cover closely-associated legal persons and Boman also chairs Industrivarden.,open,,
2026-08-31T06:36:30+00:00,20260831T061021-candidates.csv,copycat,ALFA.ST,BUY,6,Low,Medium,holding,PASS,defensive,66,576.6,SEK,Industrials,Sweden,29.18099,26.308113,2.96,13.6,11.6,45.751,7.7,2.05,1.56,0.782,91.0,,10 of 10 open-market insider buys since 2023 with zero disposals and the pattern unbroken this pull. Rated 6 not 8 only because the latest filing is still 24/04/2026 and is now four months stale.,open,,
2026-08-31T06:36:30+00:00,20260831T061021-candidates.csv,copycat,INVE-A.ST,BUY,5,Low,Medium,holding,MISSING,quality,11,408.9,SEK,Financial Services,Sweden,4.8581185,,4.91,40.7,80.1,11.589,117.0,13.13,1.36,0.781,93.0,,Acquisitions only with zero disposals all year - supportive but it does not touch the NAV-measurability problem that has blocked a real call on this name for three consecutive sweeps (S6).,open,,
2026-08-31T06:36:30+00:00,20260831T061021-candidates.csv,copycat,ABB.ST,SELL,5,Medium,Medium,holding,FAIL,quality,64,938.4,SEK,Industrials,Switzerland,36.971115,35.94687,2.63,20.6,14.1,55.751,14.2,0.09,1.17,1.011,73.0,,The only holding with a net insider-selling record: Terwiesch's 13/08/2026 disposal of 20000 shares at CHF 83.46 on top of the earlier cluster. The pattern has gone quiet not reversed and no insider has bought.,open,,
2026-08-31T06:36:30+00:00,20260831T061021-candidates.csv,chairman,AZN.ST,BUY,8,High,Long,holding,MISSING,defensive,60,1571.5,SEK,Healthcare,United Kingdom,24.313786,,1.41,13.1,17.0,64.225,6.4,0.2,1.93,0.211,37.0,,BUY 3 shares at ~1571.50 = ~4714.50 SEK from the 11288 SEK broker-confirmed ISK cash. Fourth consecutive sweep as top call. Only ballast in the book (beta 0.211) at 37% of range with insiders accumulating. Missing forward P/E docks confidence one notch.,expired,2026-09-07,"2026-09-07: superseded before it could be acted on - a real 3-share AZN.ST purchase (user-reported, executed 2026-08-25, predates this 2026-08-31 call) already spent most of the 11,288 SEK ISK cash this call's capital math assumed (now 845.43 SEK). Not the same trade as executed; re-assessed fresh this sweep rather than left open on a stale cash figure."
2026-08-31T06:36:30+00:00,20260831T061021-candidates.csv,chairman,ABB.ST,SELL,7,Medium,Medium,holding,FAIL,quality,64,938.4,SEK,Industrials,Switzerland,36.971115,35.94687,2.63,20.6,14.1,55.751,14.2,0.09,1.17,1.011,73.0,,SELL all 4 shares ~3753.60 SEK. Forward P/E flat against trailing for four sweeps despite 14.2% growth plus thinnest FCF conversion of the three P6 industrials plus the only net insider selling in the book. Break-condition clause two satisfied. No tax event.,open,,
2026-08-31T06:36:30+00:00,20260831T061021-candidates.csv,chairman,VICI,BUY,6,Medium,Medium,new,PASS,contrarian,8,25.77,USD,Real Estate,United States,10.027132,8.652174,,4.8,67.5,60.277,5.7,0.94,6.98,0.687,0.0,,BUY ~15 shares at 25.77 USD ~3658 SEK funded entirely by the ABB and SHB-A sales. Starter tranche only. Adds Real Estate US and non-SEK all at 0%. Verify US dividend withholding inside the ISK first - no FFO or EV/EBITDA exists to size up on.,open,,
2026-08-31T06:36:30+00:00,20260831T061021-candidates.csv,chairman,APP,HOLD-WATCH,5,Low,Medium,new,PASS,quality,1,312.63,USD,Communication Services,United States,24.443077,14.864721,0.88,65.5,64.6,111.13,52.8,2.98,,2.529,3.0,,The funnel's number-one name is refused as a buy. Elite fundamentals and a falling forward multiple at 3% of its 52-week range means the market prices a discontinuity this system cannot see - no news regulatory or short-interest data is fetched at all.,open,,
2026-08-31T06:36:30+00:00,20260831T061021-candidates.csv,chairman,MU,NO_ACTION,3,Low,Medium,new,PASS,quality,4,935.39,USD,Technology,United States,21.095882,6.017472,0.14,53.5,55.9,6.33,345.7,0.73,0.06,2.213,72.0,growth 2/4,Ranked 4 (SNDK 2) but their headline revenue growth of 346% and 372% is suspect-flagged and withheld by scout itself and PEG is computed off the same figure. No uncontaminated way to test the bull case. Peak-cycle memory margins is qualitative reasoning.,open,,
2026-08-31T06:36:30+00:00,20260831T061021-candidates.csv,chairman,SHB-A.ST,SELL,6,Medium,Medium,holding,MISSING,defensive,37,147.2,SEK,Financial Services,Sweden,12.464255,12.988606,20.28,1.2,42.6,,-3.8,,5.4,0.504,92.0,,SELL the single share alongside the ABB order. Revenue -3.8% forward P/E above trailing at 92% of range. Boman's ~270M SEK purchase is the strongest counter but a 147 SEK position cannot express an insider thesis and the filing's nature is unverified.,declined,2026-09-14,"Formally retired by Chairman 2026-09-14 (see 2026-09-14 memo #3): valuation read (PEG 18.85, revenue -3.8%, 98.7% of 52w high) still correct and Copycat counter-evidence unresolvable, but position is 1 share / 149.75 SEK / 0.07% of portfolio - too small to move, not a reversal of the SELL analysis."
2026-09-07T06:33:58+00:00,20260907T061159-candidates.csv,fundamental,V,BUY,8,high,Long,new,PASS,quality,6,378.75,USD,Financial Services,United States,31.948042,24.997501,1.7,41.5,50.8,67.821,14.4,2.91,0.71,0.761,93.0,,"ROE 61.2% ROIC 41.5% net margin 50.8% with net_debt/EBITDA 0.32 - excellent returns on a clean balance sheet. Does the same job as MA without MA's 439.6 D/E screen fail. Moat judgement (payments network effects) is qualitative, not fetched.",open,,
2026-09-07T06:33:58+00:00,20260907T061159-candidates.csv,fundamental,TSM,BUY,7,medium,Long,watchlist,PASS,quality,7,417.01,USD,Technology,Taiwan,31.841871,19.619719,0.81,183.7,49.9,16.504,36.0,32.85,0.95,1.247,74.0,,"ROE 40.0% op margin 60.3% net cash (net_debt/EBITDA -0.77). Case rests on those, NOT on roic_pct 183.7% or fcf_yield 32.85% - both implausible for a foundry and NOT caught by scout's suspect flag. Taiwan risk is unmeasurable here.",open,,
2026-09-07T06:33:58+00:00,20260907T061159-candidates.csv,fundamental,GOOGL,BUY,7,medium,Long,watchlist,PASS,quality,36,342.26,USD,Communication Services,United States,16.97392,22.785429,1.25,28.6,54.8,18.859,24.2,0.55,0.26,1.225,62.0,,"Pulled back from non-focus (rank 36). ROIC 28.6% net cash -0.70 revenue +24.2% at a trailing P/E of 16.97 - cheapest trailing multiple of any mega-cap-quality name in the set. Caution: fwd P/E 22.79 exceeds trailing, so consensus expects earnings to fall.",open,,
2026-09-07T06:33:58+00:00,20260907T061159-candidates.csv,fundamental,NOVO-B.CO,BUY,6,medium,Long,watchlist,PASS,quality,41,301.55,DKK,Healthcare,Denmark,11.3910055,13.6827965,3.28,35.6,35.3,63.327,2.1,2.85,3.88,0.344,42.0,,Pulled in from non-focus (rank 41). ROE 59.8% ROIC 35.6% op margin 42.5% net_debt/EBITDA 0.55 at P/E 11.39 and 42% of 52w range. Offset: 3y CAGR 20.4% collapsed to 2.1% ttm and fwd P/E 13.68 sits above trailing.,open,,
2026-09-07T06:33:58+00:00,20260907T061159-candidates.csv,fundamental,ABB.ST,SELL,7,high,Medium,holding,FAIL,quality,66,912.0,SEK,Industrials,Switzerland,35.339504,34.762806,2.11,20.6,14.1,55.751,14.2,0.09,1.22,1.008,65.0,,FCF yield 0.09% against a 35.3x P/E - paying a premium multiple for cash generation that barely exists. Every other objection to ABB is degree; this one is kind. ROE 32.6% is real but not convertible to cash at this price.,open,,
2026-09-07T06:33:58+00:00,20260907T061159-candidates.csv,valuation,VICI,BUY,7,medium,Medium,new,PASS,contrarian,9,25.65,USD,Real Estate,United States,9.852714,8.501672,,4.8,67.5,60.277,5.7,0.95,7.24,0.682,4.0,,"P/E 9.85 fwd 8.50 div yield 7.24% at 4% of its 52-week range, with revenue +5.7% and 3y CAGR +15.5% - cheap without the shrinking revenue that explains EG/CMCSA/CHTR. No EV/EBITDA computed; net_debt/EBITDA 4.82 is the stated approximation.",open,,
2026-09-07T06:33:58+00:00,20260907T061159-candidates.csv,valuation,UHS,BUY,6,medium,Medium,new,PASS,value,29,169.21,USD,Healthcare,United States,6.9244895,7.0634317,1.14,13.5,8.4,68.74,8.3,4.98,0.47,1.061,27.0,,"Pulled in from non-focus (rank 29). P/E 6.92 fwd 7.06 PEG 1.14 FCF yield 4.98% with revenue +8.3% and net_debt/EBITDA 1.9, at 27% of range. Cleanest pure-value name in the set: cheap, growing, not over-levered, near its low.",open,,
2026-09-07T06:33:58+00:00,20260907T061159-candidates.csv,valuation,AVGO,BUY,6,low,Medium,watchlist,FAIL,growth,12,357.16,USD,Technology,United States,45.64987,18.474785,0.35,24.1,42.9,59.604,85.5,1.79,0.73,1.457,33.0,,"Forward P/E 18.47 vs trailing 45.65 - the widest credible forward/trailing compression in the set - PEG 0.35, at 33% of range. Rank rose 22 to 12 while price fell 371.54 to 357.16. Confidence low: cannot verify the forward estimate's basis.",open,,
2026-09-07T06:33:58+00:00,20260907T061159-candidates.csv,valuation,AZN.ST,BUY,6,medium,Long,holding,MISSING,defensive,61,1570.5,SEK,Healthcare,United Kingdom,24.388523,,1.26,13.1,17.0,64.225,6.4,0.2,1.92,0.205,37.0,,"PEG 1.26, better than the 1.33 at purchase, and the only holding trading in the lower half of its 52-week range (37% vs 65-96% for everything else). No forward P/E available (S21 Swedish coverage gap) so the PEG cannot be cross-checked.",open,,
2026-09-07T06:33:58+00:00,20260907T061159-candidates.csv,valuation,SHB-A.ST,SELL,7,medium,Medium,holding,MISSING,defensive,40,149.45,SEK,Financial Services,Sweden,12.598162,13.216477,18.85,1.2,42.6,,-3.8,,5.31,0.504,96.0,,"PEG 18.85 and forward P/E 13.22 ABOVE trailing 12.60 - consensus expects earnings to fall - at 96% of its 52-week range with revenue -3.8%. Expensive on growth-adjusted terms, at the top of the range, with declining revenue.",open,,
2026-09-07T06:33:58+00:00,20260907T061159-candidates.csv,valuation,ABB.ST,SELL,7,high,Medium,holding,FAIL,quality,66,912.0,SEK,Industrials,Switzerland,35.339504,34.762806,2.11,20.6,14.1,55.751,14.2,0.09,1.22,1.008,65.0,,"P/E 35.34 with forward P/E 34.76 - essentially flat, so the market itself prices no re-rating - PEG 2.11 and FCF yield 0.09%. Richest multiple in the holdings with the thinnest cash conversion behind it.",open,,
2026-09-07T06:33:58+00:00,20260907T061159-candidates.csv,growth,LLY,BUY,7,medium,Long,new,PASS,quality,19,1159.6,USD,Healthcare,United States,38.607994,24.32231,1.11,38.4,33.5,162.071,47.7,1.08,0.6,0.502,77.0,,"Pulled in from non-focus (rank 19). Revenue +47.7% ttm against a 31.7% 3y CAGR - measured acceleration on a $1.02T base - PEG 1.11, fwd P/E 24.32 vs trailing 38.61, screens PASS. Cleanest non-cyclical growth in the set. Franchise durability is qualitative.",open,,
2026-09-07T06:33:58+00:00,20260907T061159-candidates.csv,growth,NVDA,BUY,7,medium,Medium,watchlist,PASS,quality,3,228.45,USD,Technology,United States,29.159492,14.902219,0.59,59.2,63.7,16.971,105.9,0.75,0.43,2.217,89.0,,"Revenue +105.9% ttm against a 100.0% 3y CAGR - growth has not decelerated on this measure, it is flat-to-accelerating, which is the specific signal. PEG 0.59, fwd P/E 14.90 vs trailing 29.16. No earnings-revision data exists to test it.",open,,
2026-09-07T06:33:58+00:00,20260907T061159-candidates.csv,growth,AVGO,BUY,6,low,Medium,watchlist,FAIL,growth,12,357.16,USD,Technology,United States,45.64987,18.474785,0.35,24.1,42.9,59.604,85.5,1.79,0.73,1.457,33.0,,"Revenue +85.5% ttm vs 24.4% 3y CAGR = 3.5x acceleration, sharpest among large caps once suspect-flagged memory names are excluded. Discounted heavily: a large share is the VMware acquisition and no field here separates organic from inorganic.",open,,
2026-09-07T06:33:58+00:00,20260907T061159-candidates.csv,growth,APP,BUY,5,low,Medium,new,PASS,quality,1,313.58,USD,Communication Services,United States,24.639507,15.281652,0.69,65.5,64.6,111.13,52.8,2.95,,2.488,4.0,,"Revenue +52.8% ttm vs 24.8% 3y CAGR, PEG 0.69, ROIC 65.5%, screens PASS. But at 4% of its 52-week range with beta 2.488 - the market is not paying for this growth at all, which is a signal I cannot explain from any fetched field.",open,,
2026-09-07T06:33:58+00:00,20260907T061159-candidates.csv,growth,SHB-A.ST,SELL,6,medium,Medium,holding,MISSING,defensive,40,149.45,SEK,Financial Services,Sweden,12.598162,13.216477,18.85,1.2,42.6,,-3.8,,5.31,0.504,96.0,,"z_growth -1.267, the worst in the focus set. Revenue -3.8% ttm against a +4.2% 3y CAGR, and forward P/E above trailing. The growth profile is not merely weak, it is actively negative and consensus agrees.",open,,
2026-09-07T06:33:58+00:00,20260907T061159-candidates.csv,defensive,VRTX,BUY,6,medium,Long,new,PASS,defensive,46,557.96,USD,Healthcare,United States,31.843733,25.083778,1.67,17.0,35.0,9.767,12.5,1.9,,0.32,99.0,,"Pulled in from non-focus (rank 46). Beta 0.320, D/E 9.77, net_debt/EBITDA -1.15 (net cash), margin 35.0%, revenue +12.5%. Cleanest defensive balance sheet in the set and non-cyclical revenue. Offset: 99% of 52w range, PEG 1.67.",open,,
2026-09-07T06:33:58+00:00,20260907T061159-candidates.csv,defensive,CME,BUY,6,medium,Long,new,PASS,defensive,45,282.05,USD,Financial Services,United States,23.858355,21.78268,4.75,11.4,63.4,14.587,0.8,2.88,1.85,0.275,58.0,,"Pulled in from non-focus (rank 45). Beta 0.275, net_debt/EBITDA 0.33, op margin 65.0%. An exchange is structurally long volatility - it is one of the few businesses that benefits from the scenario that hurts everything else. Offsets: PEG 4.75, revenue +0.8%, VIX 14.32 means the hedge is currently ou",open,,
2026-09-07T06:33:58+00:00,20260907T061159-candidates.csv,defensive,AZN.ST,BUY,7,high,Long,holding,MISSING,defensive,61,1570.5,SEK,Healthcare,United Kingdom,24.388523,,1.26,13.1,17.0,64.225,6.4,0.2,1.92,0.205,37.0,,"Beta 0.205 is the lowest of any name in the entire 74-row candidate set, net_debt/EBITDA 1.38, healthcare. In a book whose picked-stock sleeve is 54.8% industrials, this is the only holding doing a different job in a downside scenario.",open,,
2026-09-07T06:33:58+00:00,20260907T061159-candidates.csv,contrarian,VOLCAR-B.ST,BUY,6,low,Medium,new,MISSING,contrarian,43,18.7,SEK,Consumer Cyclical,Sweden,5.985714,,,1.1,2.8,30.833,-16.9,-26.92,,1.001,2.0,growth 2/4,"At 2% of its 52-week range with D/E only 30.8 and net_debt/EBITDA 0.22. The pessimism looks wrong specifically because revenue -16.9% is being read as terminal when this is margin distress, not balance-sheet distress. Offset: FCF yield -26.92%.",open,,
2026-09-07T06:33:58+00:00,20260907T061159-candidates.csv,contrarian,VICI,BUY,6,medium,Medium,new,PASS,contrarian,9,25.65,USD,Real Estate,United States,9.852714,8.501672,,4.8,67.5,60.277,5.7,0.95,7.24,0.682,4.0,,"At 4% of its 52-week range on a 7.24% dividend. The market prices VICI as a rate instrument; with the 10y at 4.77% and the 10y-2y curve at +0.43 most of that repricing has happened. The rent does not care about the discount rate, the multiple does.",open,,
2026-09-07T06:33:58+00:00,20260907T061159-candidates.csv,contrarian,AVGO,BUY,5,low,Medium,watchlist,FAIL,growth,12,357.16,USD,Technology,United States,45.64987,18.474785,0.35,24.1,42.9,59.604,85.5,1.79,0.73,1.457,33.0,,"At 33% of its 52-week range while its own forward estimate improves and its funnel rank rose 22 to 12 on a falling price. Price and estimate moving in opposite directions is the specific contrarian condition, not merely having fallen.",open,,
2026-09-07T06:33:58+00:00,20260907T061159-candidates.csv,contrarian,SHB-A.ST,SELL,5,low,Medium,holding,MISSING,defensive,40,149.45,SEK,Financial Services,Sweden,12.598162,13.216477,18.85,1.2,42.6,,-3.8,,5.31,0.504,96.0,,"Nothing in this book is priced with pessimism - SHB-A 96%, INVE-A 91%, VOLV-B 80%, ATCO-B 79%, ALFA 78% of 52w range. SHB-A is the highest-range and weakest-fundamental of them. Conflicts directly with the Boman purchase cluster; not resolved.",open,,
2026-09-07T06:33:58+00:00,20260907T061159-candidates.csv,macro,AZN.ST,BUY,7,medium,Long,holding,MISSING,defensive,61,1570.5,SEK,Healthcare,United Kingdom,24.388523,,1.26,13.1,17.0,64.225,6.4,0.2,1.92,0.205,37.0,,SEK-listed access with USD/EUR revenue is a genuine tailwind at DXY 118.75. Swedish real policy rate is ~+1.55% (CPI 0.2% vs 1.75%) vs the US at ~+0.09% - the tightest divergence in this sweep - which raises the value of a low-beta SEK-listed defensive.,open,,
2026-09-07T06:33:58+00:00,20260907T061159-candidates.csv,macro,DE000A0S9GB0,BUY,6,medium,Long,holding,MISSING,,,,,,,,,,,,,,,,,,,"Gold sleeve is 2.54% against a 5% target. DXY at 118.75 is the same dollar headwind macro-regime names, but for a SEK-based buyer of a non-return crash hedge a strong dollar is a better entry, not a reason to wait. No live price feed (P7/S1).",open,,
2026-09-07T06:33:58+00:00,20260907T061159-candidates.csv,macro,TSM,BUY,5,low,Long,watchlist,PASS,quality,7,417.01,USD,Technology,Taiwan,31.841871,19.619719,0.81,183.7,49.9,16.504,36.0,32.85,0.95,1.247,74.0,,"Explicit regime downgrade, stated not buried: the business is excellent and it is the only non-US/non-European candidate, but a strong dollar plus binary Taiwan risk plus a US-dominated candidate set makes this a sizing question, not a merit question.",open,,
2026-09-07T06:33:58+00:00,20260907T061159-candidates.csv,macro,EVO.ST,BUY,5,low,Medium,watchlist,PASS,defensive,33,845.4,SEK,Consumer Cyclical,Sweden,14.368206,11.797518,,22.6,51.8,2.13,-1.2,0.58,5.05,0.732,98.0,,"Pulled in from non-focus (rank 33). SEK-denominated cash generator in a disinflating Sweden: op margin 57.5%, net cash -0.85, P/E 14.37 fwd 11.80, div 5.05%. Offsets: 98% of 52w range, revenue -1.2%, and regulatory risk no fetched field covers.",open,,
2026-09-07T06:33:58+00:00,20260907T061159-candidates.csv,copycat,VOLCAR-B.ST,BUY,6,medium,Medium,new,MISSING,contrarian,43,18.7,SEK,Consumer Cyclical,Sweden,5.985714,,,1.1,2.8,30.833,-16.9,-26.92,,1.001,2.0,growth 2/4,"Three separate insiders bought on the open market in two months, all ABOVE today's 18.70: CEO Samuelsson 50,000 @ 19.295 (17/07), board member Nota 63,000 @ 19.60 (12/08), Severinson 15,306 @ 19.00 (17/07). Independent buyers, not one buyer repeating.",open,,
2026-09-07T06:33:58+00:00,20260907T061159-candidates.csv,chairman,ABB.ST,SELL,7,high,Medium,holding,FAIL,quality,66,912.0,SEK,Industrials,Switzerland,35.339504,34.762806,2.11,20.6,14.1,55.751,14.2,0.09,1.22,1.008,65.0,,"Sell all 4 shares. Thesis now recorded BROKEN; the only lever that moves the ACT-rated 54.8% Industrials concentration. Stated honestly: P/E fell 37.3 to 35.3 and PEG 2.71 to 2.11 since the last review - this is a rotation, not a deterioration.",open,,
2026-09-07T06:33:58+00:00,20260907T061159-candidates.csv,chairman,AZN.ST,BUY,6,medium,Long,holding,MISSING,defensive,61,1570.5,SEK,Healthcare,United Kingdom,24.388523,,1.26,13.1,17.0,64.225,6.4,0.2,1.92,0.205,37.0,,"Buy 1 share. Cleanest INTACT thesis, lowest beta in the set (0.205), only holding in the lower half of its 52w range. Capital verified: ISK cash 845.43 SEK funds nothing - execution pending the P3 PayPal conversion (~14,268 SEK), unexecuted 5th sweep.",open,,
2026-09-07T06:33:58+00:00,20260907T061159-candidates.csv,chairman,VICI,BUY,6,medium,Medium,new,PASS,contrarian,9,25.65,USD,Real Estate,United States,9.852714,8.501672,,4.8,67.5,60.277,5.7,0.95,7.24,0.682,4.0,,"Buy ~15 shares as the SECOND LEG of the ABB rotation, not standalone - if ABB does not sell there is no VICI. Only candidate opening a new sector that meets all three of portfolio's proceeds constraints. Macro dissents on 4.82x leverage at a 4.77% 10y.",open,,
2026-09-07T06:33:58+00:00,20260907T061159-candidates.csv,chairman,VOLCAR-B.ST,HOLD-WATCH,4,low,Medium,new,MISSING,contrarian,43,18.7,SEK,Consumer Cyclical,Sweden,5.985714,,,1.1,2.8,30.833,-16.9,-26.92,,1.001,2.0,growth 2/4,"Add to the watchlist; no capital. Only Top-5 name reached from outside the focus set, pulled in independently by Contrarian and Copycat. Copycat says three insiders know something; Defensive says a -26.92% FCF yield needs a financing plan. Unresolved.",open,,
2026-09-07T06:33:58+00:00,20260907T061159-candidates.csv,chairman,AVGO,HOLD-WATCH,5,low,Medium,watchlist,FAIL,growth,12,357.16,USD,Technology,United States,45.64987,18.474785,0.35,24.1,42.9,59.604,85.5,1.79,0.73,1.457,33.0,,"No action. Best new opportunity on the numbers - rank 22 to 12 on a falling price, fwd P/E 18.47 vs trailing 45.65 - but the entire case is a forward estimate whose organic/inorganic basis this system cannot inspect. Resolves at the first post-VMware comparison.",open,,
2026-09-14T06:30:11+00:00,20260914T061009-candidates.csv,fundamental,NVDA,BUY,8,Medium,Medium,watchlist,PASS,quality,3,218.36,USD,Technology,United States,27.631645,14.022135,0.46,59.2,63.7,16.971,105.9,0.79,0.46,2.217,75.0,,"ROE 117.2% and ROIC 59.2% on a net-cash balance sheet (net debt/EBITDA -0.12) with 63.7% net and 66.2% operating margin - best-in-set returns on capital. FCF yield 0.79% is the honest caveat: elite business, thin cash return at this price.",open,,
2026-09-14T06:30:11+00:00,20260914T061009-candidates.csv,fundamental,APP,BUY,8,Low,Medium,new,PASS,quality,1,314.49,USD,Communication Services,United States,24.88172,15.443736,0.7,65.5,64.6,111.13,52.8,2.92,,2.488,4.0,,"Highest quality profile in the candidate set: ROE 203.7%, ROIC 65.5%, 64.6% net / 77.7% operating margin, net debt/EBITDA 0.09. Rank 1 of 614 for four consecutive runs. Confidence low because D/E 111 and no insider or 52w-range endpoint data exist.",open,,
2026-09-14T06:30:11+00:00,20260914T061009-candidates.csv,fundamental,V,BUY,8,Medium,Long,new,PASS,quality,6,367.21,USD,Financial Services,United States,31.554516,24.68959,1.68,41.5,50.8,67.821,14.4,2.95,0.72,0.761,80.0,,"ROIC 41.5%, ROE 61.2%, 50.8% net / 66.1% operating margin, net debt/EBITDA 0.32, 14.4% revenue growth on a 10.9% 3y CAGR. Same economics as MA without MA's D/E 439.6 screen fail - identical quality, cleaner balance sheet.",open,,
2026-09-14T06:30:11+00:00,20260914T061009-candidates.csv,fundamental,TSM,BUY,7,Low,Long,watchlist,PASS,quality,7,428.03,USD,Technology,Taiwan,31.94985,19.76,0.82,183.7,49.9,16.504,36.0,32.52,0.94,1.247,77.0,,"ROE 40.0%, net cash (net debt/EBITDA -0.77), 49.9% net / 60.3% operating margin, 36% revenue growth. Case rests on these fields only: roic_pct 183.7% and fcf_yield 32.52% are implausible for a foundry and are not used despite passing the detector.",open,,
2026-09-14T06:30:11+00:00,20260914T061009-candidates.csv,fundamental,ABB.ST,SELL,6,Medium,Medium,holding,FAIL,quality,65,926.6,SEK,Industrials,Switzerland,35.46525,35.438328,1.3,20.6,14.1,55.751,14.2,0.09,1.19,1.008,69.0,,fcf_yield_pct 0.09% and ~4.4% FCF margin is the thinnest cash conversion of any holding. ROE 32.6% and ROIC 20.6% are good on paper but almost none of it converts to free cash at this price.,open,,
2026-09-14T06:30:11+00:00,20260914T061009-candidates.csv,valuation,VICI,BUY,8,Medium,Medium,new,PASS,contrarian,9,24.73,USD,Real Estate,United States,9.624031,8.304348,,4.8,67.5,60.277,5.7,0.98,7.41,0.682,1.0,,"P/E 9.62, forward 8.30, 7.41% dividend yield, at 1% of its 52-week range with revenue still +5.7% and a 15.5% 3y CAGR. Net debt/EBITDA 4.82 approximates the leverage; no EV/EBITDA or FFO is computed anywhere in this system.",open,,
2026-09-14T06:30:11+00:00,20260914T061009-candidates.csv,valuation,AZN.ST,BUY,7,Medium,Long,holding,MISSING,defensive,60,1541.0,SEK,Healthcare,United Kingdom,23.752895,,1.14,13.1,17.0,64.225,6.4,0.21,1.97,0.205,31.0,,"The only holding this lens calls cheap: PEG 1.14 (improved from 1.33 at purchase) at 31% of its 52-week range, 17.0% net margin, 6.4% revenue growth, dividend intact at 47.4% payout. No forward P/E available (S21 Nordic coverage gap).",open,,
2026-09-14T06:30:11+00:00,20260914T061009-candidates.csv,valuation,MU,BUY,6,Low,Medium,new,PASS,quality,4,977.41,USD,Technology,United States,22.024843,6.24902,0.14,53.5,55.9,6.33,345.7,0.69,0.05,2.222,75.0,growth 2/4,Forward P/E 6.25 against trailing 22.02 - the market pricing a large earnings step-up - with net cash (net debt/EBITDA -0.29) and 55.9% net margin. PEG 0.14 is NOT used: its denominator is the scout-flagged revenue_growth of 345.7%.,open,,
2026-09-14T06:30:11+00:00,20260914T061009-candidates.csv,valuation,FIS,BUY,6,Low,Medium,new,PASS,value,15,38.08,USD,Technology,United States,5.858679,5.6914496,0.2,5.3,27.6,132.51,29.1,13.49,4.61,0.801,2.0,,"P/E 5.86, forward 5.69, FCF yield 13.49%, 4.61% dividend, at 2% of its 52-week range after a -9.9% week. Against it: net debt/EBITDA 5.82 and revenue 3y CAGR -9.8% contradicting the +29.1% ttm print.",open,,
2026-09-14T06:30:11+00:00,20260914T061009-candidates.csv,valuation,ABB.ST,SELL,7,High,Medium,holding,FAIL,quality,65,926.6,SEK,Industrials,Switzerland,35.46525,35.438328,1.3,20.6,14.1,55.751,14.2,0.09,1.19,1.008,69.0,,"Forward P/E 35.44x is flat against trailing 35.47x despite 14.2% ttm revenue growth - the market is pricing margin compression, not growth. Richest multiple of the three P6 industrials. price_to_book 106.60 is suspect and not used.",open,,
2026-09-14T06:30:11+00:00,20260914T061009-candidates.csv,valuation,SHB-A.ST,SELL,6,Medium,Medium,holding,MISSING,defensive,42,149.75,SEK,Financial Services,Sweden,12.591821,13.22086,18.85,1.2,42.6,,-3.8,,5.34,0.504,94.0,,PEG 18.85 with revenue -3.8% YoY while the stock sits at 94% of its 52-week range (98.7% of the 52-week high) - priced like a grower it is not. The stated 'good upside' has been collected.,open,,
2026-09-14T06:30:11+00:00,20260914T061009-candidates.csv,growth,AVGO,BUY,7,Medium,Medium,watchlist,FAIL,growth,14,360.83,USD,Technology,United States,46.054707,18.674767,0.36,24.0,42.9,59.604,85.5,1.77,0.72,1.457,35.0,,"85.5% revenue growth on a 24.4% 3y CAGR, PEG 0.36, forward P/E 18.67 against trailing 46.05, 54.3% operating margin, at 35% of its 52-week range. It screen-FAILs only on the trailing multiple, which is the wrong test here.",open,,
2026-09-14T06:30:11+00:00,20260914T061009-candidates.csv,growth,NVDA,BUY,7,Medium,Medium,watchlist,PASS,quality,3,218.36,USD,Technology,United States,27.631645,14.022135,0.46,59.2,63.7,16.971,105.9,0.79,0.46,2.217,75.0,,"105.9% revenue growth on a 100% 3y CAGR, PEG 0.46, forward P/E 14.02 vs trailing 27.63. Named gap: no earnings-revision or TAM data exists in this system, so this is measured growth only - nothing here says the rate is sustainable.",open,,
2026-09-14T06:30:11+00:00,20260914T061009-candidates.csv,growth,APP,BUY,7,Low,Medium,new,PASS,quality,1,314.49,USD,Communication Services,United States,24.88172,15.443736,0.7,65.5,64.6,111.13,52.8,2.92,,2.488,4.0,,"52.8% revenue growth on a 24.8% 3y CAGR, PEG 0.70, forward P/E 15.44 vs trailing 24.88 - and trading at 4% of its 52-week range. A compounder priced near its low is the most interesting setup in the set; the range endpoints are not fetched.",open,,
2026-09-14T06:30:11+00:00,20260914T061009-candidates.csv,growth,TSM,BUY,7,Medium,Long,watchlist,PASS,quality,7,428.03,USD,Technology,Taiwan,31.94985,19.76,0.82,183.7,49.9,16.504,36.0,32.52,0.94,1.247,77.0,,"36% revenue growth on an 18.9% 3y CAGR with PEG 0.82 and forward P/E 19.76 vs trailing 31.95, on 60.3% operating margin. Growth that is already converting to margin, not promised margin.",open,,
2026-09-14T06:30:11+00:00,20260914T061009-candidates.csv,growth,SHB-A.ST,SELL,6,Medium,Medium,holding,MISSING,defensive,42,149.75,SEK,Financial Services,Sweden,12.591821,13.22086,18.85,1.2,42.6,,-3.8,,5.34,0.504,94.0,,"z_growth -1.268, the worst growth score of any holding. Revenue -3.8% YoY with a 4.2% 3y CAGR and PEG 18.85 - there is no growth here to be underestimated.",open,,
2026-09-14T06:30:11+00:00,20260914T061009-candidates.csv,defensive,VRTX,BUY,7,Medium,Long,new,PASS,defensive,46,514.56,USD,Healthcare,United States,30.037296,25.60175,1.89,17.0,35.0,9.767,12.5,2.01,,0.32,75.0,,"Beta 0.32, net cash (net debt/EBITDA -1.15), D/E 9.77, 35.0% net / 38.1% operating margin, 12.5% revenue growth. The cleanest downside-scenario balance sheet in the focus set - it needs no capital market to stay solvent.",open,,
2026-09-14T06:30:11+00:00,20260914T061009-candidates.csv,defensive,CME,BUY,7,Medium,Medium,new,PASS,defensive,45,274.07,USD,Financial Services,United States,23.370653,21.316528,4.79,11.4,63.4,14.587,0.8,2.94,1.89,0.275,50.0,,"Beta 0.275, net debt/EBITDA 0.33, D/E 14.6, 63.4% net / 65.0% operating margin. Exchange revenue rises with volatility, so it is one of the few businesses that earns more in a drawdown - and VIX at 17.84 means you buy that optionality cheap.",open,,
2026-09-14T06:30:11+00:00,20260914T061009-candidates.csv,defensive,EG,BUY,6,Low,Medium,new,PASS,value,13,371.03,USD,Financial Services,Bermuda,7.855241,6.2208834,0.97,12.8,11.4,23.26,-11.3,14.49,2.15,0.277,70.0,,"Beta 0.277, D/E 23.26, forward P/E 6.22, FCF yield 14.49%. A reinsurer earning on float with the curve at +0.39 and the 2y at 4.56%. Revenue -11.3% may be underwriting discipline rather than distress - not verifiable from fetched data.",open,,
2026-09-14T06:30:11+00:00,20260914T061009-candidates.csv,defensive,MO,BUY,5,Low,Medium,new,MISSING,quality,12,68.79,USD,Consumer Defensive,United States,14.522106,11.763242,2.64,56.1,39.0,,1.2,7.83,6.44,0.494,63.0,,"Beta 0.494, 6.44% dividend, FCF yield 7.83%, 76.1% operating margin, net debt/EBITDA 1.41. Biggest rank move in the set (24 to 12). Held to 5: debt_to_equity is MISSING (negative equity) and revenue 3y CAGR is -0.9% - defensive income on a melting top line.",open,,
2026-09-14T06:30:11+00:00,20260914T061009-candidates.csv,defensive,VOLV-B.ST,SELL,6,Medium,Medium,holding,PASS,value,64,339.2,SEK,Industrials,Sweden,19.34659,13.674699,0.99,9.7,7.6,147.349,2.7,3.47,2.5,0.975,73.0,,"D/E 147.3 and net debt/EBITDA 3.8 are the highest leverage of any holding, on the thinnest net margin (7.6%), in a cyclical facing a +1.45% Swedish real policy rate. Overruled by the Chairman to HOLD on improving thesis metrics.",open,,
2026-09-14T06:30:11+00:00,20260914T061009-candidates.csv,contrarian,VICI,BUY,7,Medium,Medium,new,PASS,contrarian,9,24.73,USD,Real Estate,United States,9.624031,8.304348,,4.8,67.5,60.277,5.7,0.98,7.41,0.682,1.0,,"At 1% of its 52-week range while revenue grows 5.7% on a 15.5% 3y CAGR at 70.2% operating margin. The rent is contracted and compounding; the price says it is not. The de-rating is about the discount rate, not the cash flows.",open,,
2026-09-14T06:30:11+00:00,20260914T061009-candidates.csv,contrarian,FIS,BUY,6,Low,Medium,new,PASS,value,15,38.08,USD,Technology,United States,5.858679,5.6914496,0.2,5.3,27.6,132.51,29.1,13.49,4.61,0.801,2.0,,"At 2% of its 52-week range after -9.9% in one week, P/E 5.86, FCF yield 13.49%. Payments processors de-rated as a group (FISV also at 2% of range). A 13.5% FCF yield is not what a structurally broken business generates. The week's drop has no explanation in fetched data.",open,,
2026-09-14T06:30:11+00:00,20260914T061009-candidates.csv,contrarian,LULU,BUY,5,Low,Medium,new,PASS,contrarian,43,96.88,USD,Consumer Cyclical,Canada,8.145679,10.923251,1.0,16.5,12.8,44.689,-4.3,10.48,,0.864,1.0,,"First appearance in the candidate set. At 1% of its 52-week range with ROE 30.9%, FCF yield 10.48% and net debt/EBITDA 0.32 - a damaged brand with no debt has time to fix itself. Against it: forward P/E 10.92 above trailing 8.15 says the market expects earnings to fall.",open,,
2026-09-14T06:30:11+00:00,20260914T061009-candidates.csv,macro,AZN.ST,BUY,6,Medium,Long,holding,MISSING,defensive,60,1541.0,SEK,Healthcare,United Kingdom,23.752895,,1.14,13.1,17.0,64.225,6.4,0.21,1.97,0.205,31.0,,"The only holding whose macro driver differs from the Nordic industrial/financial sleeve that Sweden's +1.45% real policy rate argues against. UK-domiciled, SEK-quoted, healthcare - no direct wrong-side call from this regime data.",open,,
2026-09-14T06:30:11+00:00,20260914T061009-candidates.csv,macro,EG,BUY,6,Low,Medium,new,PASS,value,13,371.03,USD,Financial Services,Bermuda,7.855241,6.2208834,0.97,12.8,11.4,23.26,-11.3,14.49,2.15,0.277,70.0,,"A reinsurer with beta 0.277 in a regime where cash is genuinely rewarded and the curve is positively sloped (+0.39, 2y at 4.56%) - the short-dated investment book reprices upward. Named gap: no credit-spread data is fetched.",open,,
2026-09-14T06:30:11+00:00,20260914T061009-candidates.csv,macro,CME,BUY,6,Low,Medium,new,PASS,defensive,45,274.07,USD,Financial Services,United States,23.370653,21.316528,4.79,11.4,63.4,14.587,0.8,2.94,1.89,0.275,50.0,,"VIX at 17.84 is calm and CME's revenue growth is 0.8% - you are buying a volatility-linked business at a cyclical low in volatility, with FOMC 09/15-16 and Riksbank 09/24 both inside ten days. Specific asymmetry, not a general defensive call.",open,,
2026-09-14T06:30:11+00:00,20260914T061009-candidates.csv,macro,ABB.ST,SELL,6,Medium,Medium,holding,FAIL,quality,65,926.6,SEK,Industrials,Switzerland,35.46525,35.438328,1.3,20.6,14.1,55.751,14.2,0.09,1.19,1.008,69.0,,"The most expensive name in a Nordic industrial sleeve that is 55.1% of the identifiable single-stock equity, facing Sweden's +1.45% real policy rate (1.75% vs SE CPI 0.3%) - materially tighter than the US read. Downgraded on regime grounds explicitly.",open,,
2026-09-14T06:30:11+00:00,20260914T061009-candidates.csv,copycat,INVE-A.ST,BUY,6,Medium,Long,holding,MISSING,quality,10,399.5,SEK,Financial Services,Sweden,4.6575665,,4.91,40.7,80.1,11.589,117.0,13.57,1.4,0.78,86.0,,"Seven insiders buying across seven months at monotonically rising prices (338.38 to 411.55 SEK), zero disposals - most recently Jacob Lund, 1,000 A-shares at 399.13 on 2026-09-09, within 0.1% of today's price. Varied dates/sizes/prices, so not compensation-shaped.",open,,
2026-09-14T06:30:11+00:00,20260914T061009-candidates.csv,copycat,SHB-A.ST,BUY,5,Low,Medium,holding,MISSING,defensive,42,149.75,SEK,Financial Services,Sweden,12.591821,13.22086,18.85,1.2,42.6,,-3.8,,5.34,0.504,94.0,,"Chairman Par Boman filed ten acquisitions on 2026-08-26 totalling 1,850,000 A-shares at 145.55-146.24 SEK, ~270M SEK, today's price 2.4-2.9% above. This is a vote against the open SELL more than for adding capital: all ten are 'closely associated', i.e. entity-level, not personal.",open,,
2026-09-14T06:30:11+00:00,20260914T061009-candidates.csv,copycat,ABB.ST,SELL,7,Medium,Medium,holding,FAIL,quality,65,926.6,SEK,Industrials,Switzerland,35.46525,35.438328,1.3,20.6,14.1,55.751,14.2,0.09,1.19,1.008,69.0,,"Terwiesch disposed 48,799 shares across 07/29-08/13 and Meline 2,456 on 08/05 - ~51,255 shares. The only acquisitions are six board members buying 917-1,948 shares each on 2026-05-04 at the identical 78.42 CHF, which is a fee allotment, not conviction.",open,,
2026-09-14T06:30:11+00:00,20260914T061009-candidates.csv,chairman,ABB.ST,SELL,7,Medium,Medium,holding,FAIL,quality,65,926.6,SEK,Industrials,Switzerland,35.46525,35.438328,1.3,20.6,14.1,55.751,14.2,0.09,1.19,1.008,69.0,,"Fourth consecutive sweep. Forward P/E flat vs trailing despite 14.2% growth (Valuation), ~51,255 shares of insider disposal vs a routine board allotment (Copycat), thinnest FCF conversion of any holding, thesis-review independently BROKEN. Defensive's dissent is correct but is about risk, not price.",open,,
2026-09-14T06:30:11+00:00,20260914T061009-candidates.csv,chairman,VICI,BUY,6,Medium,Medium,new,PASS,contrarian,9,24.73,USD,Real Estate,United States,9.624031,8.304348,,4.8,67.5,60.277,5.7,0.98,7.41,0.682,1.0,,"Cheap on every price measure at the 52-week low with contracted revenue still compounding, and the only Top-5 name answering both ACT concentrations (Industrials 55.1%, Sweden 50.2%). Macro dissents at 4 on rate sensitivity. Funded only by the ABB sale - no idle capital (ISK cash 845.43 SEK).",open,,
2026-09-14T06:30:11+00:00,20260914T061009-candidates.csv,chairman,SHB-A.ST,NO_ACTION,6,High,Short,holding,MISSING,defensive,42,149.75,SEK,Financial Services,Sweden,12.591821,13.22086,18.85,1.2,42.6,,-3.8,,5.34,0.504,94.0,,"Open SELL from 2026-08-31 formally retired. Valuation's bearish read (PEG 18.85, revenue -3.8%, 98.7% of 52w high) is correct and Copycat's 1.85M-share counter-evidence is unresolvable - but the position is one share, 149.75 SEK, 0.07% of the book. It cannot move anything either way.",open,,
2026-09-14T06:30:11+00:00,20260914T061009-candidates.csv,chairman,APP,HOLD-WATCH,5,Low,Medium,new,PASS,quality,1,314.49,USD,Communication Services,United States,24.88172,15.443736,0.7,65.5,64.6,111.13,52.8,2.92,,2.488,4.0,,"Rank 1 of 614 for four consecutive runs on the best quality profile in the set (ROIC 65.5%, 77.7% op margin, PEG 0.70). Blocked by beta 2.488 into an untested -30% drawdown tolerance (S26), zero insider coverage, and no 52-week endpoints to interpret '4% of range'. Promote to watchlist.",open,,
2026-09-14T06:30:11+00:00,20260914T061009-candidates.csv,chairman,AZN.ST,BUY,6,Medium,Long,holding,MISSING,defensive,60,1541.0,SEK,Healthcare,United Kingdom,23.752895,,1.14,13.1,17.0,64.225,6.4,0.21,1.97,0.205,31.0,,"The only holding thesis-review answers YES on for 'would I buy today': PEG improved 1.33 to 1.14, 31% of 52-week range, margins and dividend intact, none of the three recorded key_risks triggered. Execution note: no idle capital - ISK cash 845.43 SEK vs a 1,541 SEK share price, blocked on P3.",open,,
2026-09-21T06:39:44+00:00,20260921T061004-candidates.csv,fundamental,V,BUY,8,Medium,Medium,new,PASS,quality,6,369.93,USD,Financial Services,United States,31.34383,24.545631,1.67,41.5,50.8,67.821,14.4,2.95,0.73,0.761,83.0,,"ROIC 41.5%, ROE 61.2%, net margin 50.8%, net debt/EBITDA 0.32, revenue +14.4% on a 10.9% 3y CAGR — the only name in the set with >40% ROIC, double-digit growth and no balance-sheet strain. Moat reasoning is qualitative; no field exists.",open,,
2026-09-21T06:39:44+00:00,20260921T061004-candidates.csv,fundamental,TSM,BUY,8,Medium,Medium,watchlist,PASS,quality,7,430.26,USD,Technology,Taiwan,32.462284,19.825224,0.83,183.7,49.9,16.504,36.0,32.42,0.94,1.247,77.0,,"ROE 40.0%, net margin 49.9%, op margin 60.3%, net debt/EBITDA -0.77 (net cash), revenue +36.0% on 18.9% 3y CAGR. Case rests on ROE and net cash only: roic_pct 183.7% and fcf_yield 32.42% discarded as implausible and unflagged (S24).",open,,
2026-09-21T06:39:44+00:00,20260921T061004-candidates.csv,fundamental,MA,BUY,7,Medium,Medium,new,FAIL,quality,5,565.73,USD,Financial Services,United States,31.05714,24.54917,1.48,56.1,46.3,439.583,14.1,3.43,0.62,0.735,74.0,,"Pulled back in against its screen FAIL: D/E 439.6% is a buyback-driven negative-equity artifact, not distress (net debt/EBITDA 0.59). ROIC 56.1%, margins 46.3/61.1, revenue +14.1% on a 13.8% 3y CAGR.",open,,
2026-09-21T06:39:44+00:00,20260921T061004-candidates.csv,fundamental,ATCO-B.ST,BUY,6,Medium,Medium,holding,MISSING,quality,56,172.45,SEK,Industrials,Sweden,31.327839,,2.09,39.7,15.7,33.668,9.1,3.11,1.75,1.072,75.0,,"Best business among holdings on every capital-return field: ROIC 39.7%, ROE 25.7%, op margin 20.6%, net debt/EBITDA 0.50, ttm revenue +9.1% after FY25's -4.8% dip. Business-quality verdict only; price objection belongs to Valuation.",open,,
2026-09-21T06:39:44+00:00,20260921T061004-candidates.csv,fundamental,APP,BUY,6,Low,Medium,new,PASS,quality,1,321.6,USD,Communication Services,United States,23.696922,14.685756,0.67,65.5,64.6,111.13,52.8,3.07,,2.488,5.0,,"ROIC 65.5%, op margin 77.7%, net margin 64.6%, revenue +52.8% on 24.8% 3y CAGR, net debt/EBITDA 0.09 — strongest quality profile of 613 ranked names. Held at 6: ROE 203.7% is leverage-inflated and the 5%-of-52w-range price is unexplained (S29).",open,,
2026-09-21T06:39:44+00:00,20260921T061004-candidates.csv,fundamental,ABB.ST,SELL,7,Medium,Medium,holding,FAIL,quality,66,948.4,SEK,Industrials,Switzerland,35.9716,36.531307,1.32,20.6,14.1,55.751,14.2,0.09,1.15,1.008,74.0,,"FCF yield 0.09% and FCF/revenue ~4.4% — worst cash conversion of any holding — while the forward multiple sits above trailing. Earnings-quality failure, not a growth failure. FCF is trailing-only, so capex timing cannot be excluded.",open,,
2026-09-21T06:39:44+00:00,20260921T061004-candidates.csv,valuation,VICI,BUY,8,Medium,Medium,new,PASS,contrarian,9,24.11,USD,Real Estate,United States,9.193798,7.93311,,4.8,67.5,60.277,5.7,1.02,7.76,0.682,4.0,,"9.19x trailing / 7.93x forward, 7.76% yield, 67.5% net margin, revenue +5.7% on a 15.5% 3y CAGR, 4% of 52w range, screen PASS — cheap with no deterioration in any fetched field. No EV/EBITDA exists; approximating from net debt/EBITDA 4.82.",open,,
2026-09-21T06:39:44+00:00,20260921T061004-candidates.csv,valuation,TSM,BUY,7,Medium,Medium,watchlist,PASS,quality,7,430.26,USD,Technology,Taiwan,32.462284,19.825224,0.83,183.7,49.9,16.504,36.0,32.42,0.94,1.247,77.0,,"PEG 0.83, forward 19.8x against trailing 32.5x on 36% growth with net cash. Background knowledge, labelled: leading-edge foundry peers have traded 25-35x trailing, so this is a discount to the sector's own norm.",open,,
2026-09-21T06:39:44+00:00,20260921T061004-candidates.csv,valuation,CMCSA,BUY,6,Low,Medium,new,PASS,value,12,22.91,USD,Communication Services,United States,7.2884617,6.3516006,142.98,9.4,9.0,100.474,-1.2,15.74,5.8,0.662,14.0,,"Trailing 7.29x / forward 6.35x, FCF yield 15.74% (largest in the focus set), 5.80% dividend, 14% of range. At 6.4x forward even zero growth clears a hurdle. Revenue -1.2%; PEG 142.98 is suspect-flagged and not reasoned from.",open,,
2026-09-21T06:39:44+00:00,20260921T061004-candidates.csv,valuation,AZN.ST,BUY,6,Medium,Medium,holding,MISSING,defensive,61,1626.5,SEK,Healthcare,United Kingdom,24.939117,,1.2,13.1,17.0,64.225,6.4,0.19,1.85,0.205,47.0,,"PEG 1.20, improved from 1.33, at 47% of range. Background knowledge, labelled: large-cap pharma typically 15-20x trailing, so the raw 24.9x is a premium while the growth-adjusted figure is not. forward_pe MISSING every run (S21).",open,,
2026-09-21T06:39:44+00:00,20260921T061004-candidates.csv,valuation,FIS,BUY,5,Low,Medium,new,PASS,value,15,36.43,USD,Technology,United States,5.471582,5.315402,0.19,5.3,27.6,132.51,29.1,14.44,4.94,0.801,3.0,,"PEG 0.19, forward 5.32x, FCF yield 14.44%, 3% of range, screen PASS. Held low deliberately: +29.1% ttm revenue against a -9.8% 3y CAGR is a divestiture pattern, net debt/EBITDA 5.82, and margins/D-E absent from this fetch.",open,,
2026-09-21T06:39:44+00:00,20260921T061004-candidates.csv,valuation,ABB.ST,SELL,7,Medium,Medium,holding,FAIL,quality,66,948.4,SEK,Industrials,Switzerland,35.9716,36.531307,1.32,20.6,14.1,55.751,14.2,0.09,1.15,1.008,74.0,,"Forward P/E 36.53 above trailing 35.97 on 14.2% revenue growth, screen FAIL, price_to_book 109.9 suspect and unusable. No margin of safety on any read available.",open,,
2026-09-21T06:39:44+00:00,20260921T061004-candidates.csv,valuation,ATCO-B.ST,SELL,5,Medium,Medium,holding,MISSING,quality,56,172.45,SEK,Industrials,Sweden,31.327839,,2.09,39.7,15.7,33.668,9.1,3.11,1.75,1.072,75.0,,"Trailing 31.33x, PEG 2.09, 75% of 52w range. Background knowledge, labelled: industrials norm is mid-teens to low-20s. Quality is not disputed; the price is.",open,,
2026-09-21T06:39:44+00:00,20260921T061004-candidates.csv,growth,NVDA,BUY,8,Medium,Medium,watchlist,PASS,quality,3,219.34,USD,Technology,United States,28.099874,14.173006,0.47,59.2,63.7,16.971,105.9,0.78,0.45,2.217,76.0,,"Revenue +105.9% on a 100.0% 3y CAGR, net margin 63.7%, PEG 0.47, forward 14.17x against trailing 28.10x, net cash. The forward/trailing gap on a 106%-growth name is the signal this lens exists for. No order-book or revisions data.",open,,
2026-09-21T06:39:44+00:00,20260921T061004-candidates.csv,growth,TSM,BUY,7,Medium,Medium,watchlist,PASS,quality,7,430.26,USD,Technology,Taiwan,32.462284,19.825224,0.83,183.7,49.9,16.504,36.0,32.42,0.94,1.247,77.0,,"+36.0% revenue on an 18.9% 3y CAGR from a far larger base than NVDA, with the leading-edge monopoly position, at 19.8x forward. Same AI-capex dependency one step down the chain.",open,,
2026-09-21T06:39:44+00:00,20260921T061004-candidates.csv,growth,APP,BUY,6,Low,Medium,new,PASS,quality,1,321.6,USD,Communication Services,United States,23.696922,14.685756,0.67,65.5,64.6,111.13,52.8,3.07,,2.488,5.0,,"+52.8% revenue on a 24.8% 3y CAGR with a 77.7% operating margin — growth and operating leverage together, PEG 0.67. Held at 6: at 5% of its 52w range the market disagrees and I have no revision or TAM data to adjudicate.",open,,
2026-09-21T06:39:44+00:00,20260921T061004-candidates.csv,growth,VOLV-B.ST,BUY,5,Low,Medium,holding,PASS,value,65,337.8,SEK,Industrials,Sweden,18.898977,13.373494,0.97,9.9,7.6,147.349,2.7,3.55,2.55,0.975,72.0,,"Forward 13.37x below trailing 18.90x, PEG 0.97, and ttm revenue turned positive (+2.7%) after FY23-25 ran 552.8B-526.8B-479.2B. An inflection — but the 3y CAGR is +0.4%, so one positive reading is thin. D/E 147.35.",open,,
2026-09-21T06:39:44+00:00,20260921T061004-candidates.csv,growth,ABB.ST,SELL,5,Medium,Medium,holding,FAIL,quality,66,948.4,SEK,Industrials,Switzerland,35.9716,36.531307,1.32,20.6,14.1,55.751,14.2,0.09,1.15,1.008,74.0,,14.2% revenue growth that is not reaching earnings: the forward/trailing inversion says the growth is being handed back in margin. A growth story only in the revenue line.,open,,
2026-09-21T06:39:44+00:00,20260921T061004-candidates.csv,growth,SHB-A.ST,SELL,4,Medium,Medium,holding,MISSING,defensive,42,155.05,SEK,Financial Services,Sweden,12.783806,13.422436,19.14,1.2,42.6,,-3.8,,5.22,0.504,99.0,,"Revenue -3.8%, z_growth -1.278 (worst of any holding), forward above trailing, 99% of 52w range. Noted as immaterial at one share (155.05 SEK).",open,,
2026-09-21T06:39:44+00:00,20260921T061004-candidates.csv,defensive,VRTX,BUY,7,Medium,Medium,new,PASS,defensive,47,516.34,USD,Healthcare,United States,29.589056,25.249094,1.87,17.0,35.0,9.767,12.5,2.04,,0.32,76.0,,"Pulled in from outside focus: beta 0.320, net debt/EBITDA -1.15 (net cash), D/E 9.77, net margin 35.0%, revenue +12.5% on a 10.4% 3y CAGR. Only candidate with net cash, sub-10 D/E, sub-0.4 beta and double-digit growth at once.",open,,
2026-09-21T06:39:44+00:00,20260921T061004-candidates.csv,defensive,MO,BUY,6,Low,Medium,new,MISSING,quality,13,69.7,USD,Consumer Defensive,United States,14.635789,11.855328,2.66,56.1,39.0,,1.2,7.77,6.39,0.494,67.0,,"Beta 0.494, net margin 39.0%, op margin 76.1%, 6.39% dividend, 7.77% FCF yield, net debt/EBITDA 1.41 — canonical recession-insensitive earnings. roe_pct and de_ratio both MISSING (negative book equity), so resilience rests on net debt/EBITDA alone.",open,,
2026-09-21T06:39:44+00:00,20260921T061004-candidates.csv,defensive,CME,BUY,6,Medium,Medium,new,PASS,defensive,45,271.15,USD,Financial Services,United States,23.410519,21.352411,4.8,11.4,63.4,14.587,0.8,2.93,1.88,0.275,48.0,,"Beta 0.275, net debt/EBITDA 0.33, D/E 14.59, net margin 63.4%. Exchange volumes rise in a volatility shock, so this has positive downside convexity rather than merely low beta. You pay for it: 0.8% growth, PEG 4.80.",open,,
2026-09-21T06:39:44+00:00,20260921T061004-candidates.csv,defensive,AZN.ST,BUY,6,Medium,Medium,holding,MISSING,defensive,61,1626.5,SEK,Healthcare,United Kingdom,24.939117,,1.2,13.1,17.0,64.225,6.4,0.19,1.85,0.205,47.0,,"Beta 0.205, lowest of any holding, and explicitly the ballast against a 54.05% industrials sleeve. Caveat: 0.19% FCF yield and net debt/EBITDA 1.38 put the defensiveness in the revenue line, not the cash line.",open,,
2026-09-21T06:39:44+00:00,20260921T061004-candidates.csv,defensive,VOLV-B.ST,SELL,4,Low,Medium,holding,PASS,value,65,337.8,SEK,Industrials,Sweden,18.898977,13.373494,0.97,9.9,7.6,147.349,2.7,3.55,2.55,0.975,72.0,,"D/E 147.35 and net debt/EBITDA 3.8 — most leveraged holding into the most cyclical end-market. Stated as the risk view only; Growth's inflection case may win. Declining to flag ABB.ST: D/E 55.75, net debt/EBITDA 0.46, no risk case.",open,,
2026-09-21T06:39:44+00:00,20260921T061004-candidates.csv,contrarian,VICI,BUY,7,Medium,Medium,new,PASS,contrarian,9,24.11,USD,Real Estate,United States,9.193798,7.93311,,4.8,67.5,60.277,5.7,1.02,7.76,0.682,4.0,,"Sector pessimism applied to a company whose own numbers did not move: five runs at rank 8-9 with revenue +5.7%, margin 67.5%, screen PASS, while price went 26.51-25.77-25.65-24.73-24.11. The market repriced rates, not the asset.",open,,
2026-09-21T06:39:44+00:00,20260921T061004-candidates.csv,contrarian,PEP,BUY,6,Medium,Medium,watchlist,PASS,contrarian,64,133.66,USD,Consumer Defensive,United States,17.005241,14.456196,1.33,17.1,10.8,238.949,6.4,4.42,4.56,0.361,10.0,,"Pulled in: 10% of 52w range, PEG 1.33, 4.56% dividend, beta 0.361, screen PASS. The de-rating is GLP-1 narrative while fetched revenue is still +6.4% ttm with a 10.8% margin. Risk named: D/E 238.95, a leveraged staple.",open,,
2026-09-21T06:39:44+00:00,20260921T061004-candidates.csv,contrarian,MKC,BUY,5,Low,Medium,new,PASS,contrarian,44,49.7,USD,Consumer Defensive,United States,8.106489,14.782271,1.89,8.8,21.9,65.143,16.7,5.45,3.94,0.634,18.0,,"Pulled in: 18% of range, revenue +16.7%, 3.94% dividend, 5.45% FCF yield, PASS. Trailing 8.11x is distorted (background knowledge: MKC historically 20-25x), so using forward 14.78x / PEG 1.89. Net debt/EBITDA 3.17 on 2.5% 3y CAGR.",open,,
2026-09-21T06:39:44+00:00,20260921T061004-candidates.csv,contrarian,FIS,BUY,5,Low,Medium,new,PASS,value,15,36.43,USD,Technology,United States,5.471582,5.315402,0.19,5.3,27.6,132.51,29.1,14.44,4.94,0.801,3.0,,"3% of range, PEG 0.19, forward 5.32x, FCF yield 14.44%, screens PASS despite the pessimism. Naming my own limit: I cannot say why the pessimism is wrong, only that the price implies terminal decline and the cash flow does not.",open,,
2026-09-21T06:39:44+00:00,20260921T061004-candidates.csv,macro,V,BUY,7,Medium,Medium,new,PASS,quality,6,369.93,USD,Financial Services,United States,31.34383,24.545631,1.67,41.5,50.8,67.821,14.4,2.95,0.73,0.761,83.0,,"US CPI still 3.71% and Visa's revenue is a percentage of nominal transaction value — inflation is revenue here, not a cost. USD earnings sit on the right side of a 118.21 dollar rather than against it.",open,,
2026-09-21T06:39:44+00:00,20260921T061004-candidates.csv,macro,MO,BUY,6,Medium,Medium,new,MISSING,quality,13,69.7,USD,Consumer Defensive,United States,14.635789,11.855328,2.66,56.1,39.0,,1.2,7.77,6.39,0.494,67.0,,"US-domestic, USD-earning, demand inelastic to both cycle and rate path. With real US policy rates at roughly -0.08%, a 6.39% dividend on a 7.77% FCF yield is a positive real return from an asset with almost no macro beta.",open,,
2026-09-21T06:39:44+00:00,20260921T061004-candidates.csv,macro,TSM,BUY,6,Low,Medium,watchlist,PASS,quality,7,430.26,USD,Technology,Taiwan,32.462284,19.825224,0.83,183.7,49.9,16.504,36.0,32.42,0.94,1.247,77.0,,"On the right side of the dominant capex cycle and structurally long the strong dollar (USD revenue, TWD cost base) — rare in this set at 118.21. Largest unmeasured exposure in the memo: no field prices Taiwan risk.",open,,
2026-09-21T06:39:44+00:00,20260921T061004-candidates.csv,copycat,AZN.ST,BUY,8,High,Medium,holding,MISSING,defensive,61,1626.5,SEK,Healthcare,United Kingdom,24.939117,,1.2,13.1,17.0,64.225,6.4,0.19,1.85,0.205,47.0,,"CEO Pascal Soriot bought 60,000 shares at 121.02 GBP on 14/09/2026 and Chairman Michel Demare 2,500 at 121.21 the same day — both real market prices. CFO Sarin's 11,133 and 73 shares at price 0.00 are award vestings and carry no signal.",open,,
2026-09-21T06:39:44+00:00,20260921T061004-candidates.csv,copycat,INVE-A.ST,BUY,7,Medium,Medium,holding,MISSING,quality,10,401.0,SEK,Financial Services,Sweden,4.679659,,4.91,40.7,80.1,11.589,117.0,13.51,1.4,0.78,87.0,,"Three separate insiders in three weeks: CEO Cederholm 1,500 A at 395.90 (14/09), Jacob Lund 1,000 A at 399.13 (09/09), Ulrika Elfving 850 B at 411.55 (01/09). Five distinct buyers through 2026 at rising prices, zero disposals on record.",open,,
2026-09-21T06:39:44+00:00,20260921T061004-candidates.csv,copycat,SHB-A.ST,BUY,6,Low,Medium,holding,MISSING,defensive,42,155.05,SEK,Financial Services,Sweden,12.783806,13.422436,19.14,1.2,42.6,,-3.8,,5.22,0.504,99.0,,"Chairman Par Boman, 26/08/2026, over 1.8m A-shares across ten tranches at 145.55-146.24 SEK, 6.5% below today's price. Quality caveat: every tranche marked 'Closely associated: Yes', i.e. a related entity, not a personal account.",open,,
2026-09-21T06:39:44+00:00,20260921T061004-candidates.csv,chairman,ABB.ST,SELL,7,Medium,Medium,holding,FAIL,quality,66,948.4,SEK,Industrials,Switzerland,35.9716,36.531307,1.32,20.6,14.1,55.751,14.2,0.09,1.15,1.008,74.0,,"Fifth consecutive sweep. Stands on valuation and thesis alone: forward P/E 36.53 above trailing 35.97, FCF/revenue ~4.4%, thesis BROKEN. Defensive and Copycat both decline to support it — not a consensus sell. Proceeds fund VICI.",open,,
2026-09-21T06:39:44+00:00,20260921T061004-candidates.csv,chairman,AZN.ST,BUY,7,Medium,Medium,holding,MISSING,defensive,61,1626.5,SEK,Healthcare,United Kingdom,24.939117,,1.2,13.1,17.0,64.225,6.4,0.19,1.85,0.205,47.0,,"1 share. CEO and Chairman bought on the open market seven days ago; PEG 1.20; beta 0.205 is the portfolio's ballast. Unfunded today — ISK cash 845.43 SEK vs 1,626.50 price; flag for the P3 conversion. Against: ROIC 13.1%, FCF yield 0.19%.",open,,
2026-09-21T06:39:44+00:00,20260921T061004-candidates.csv,chairman,VICI,BUY,6,Low,Medium,new,PASS,contrarian,9,24.11,USD,Real Estate,United States,9.193798,7.93311,,4.8,67.5,60.277,5.7,1.02,7.76,0.682,4.0,,"~16 shares, conditional on the ABB sale — no other capital exists. 7.93x forward, 7.76% yield, and it takes Industrials from 54.05% (ACT) to 42.6% while adding the first Real Estate and first direct US exposure. Macro downgrades it on the 4.94% 10y.",open,,
2026-09-21T06:39:44+00:00,20260921T061004-candidates.csv,chairman,TSM,HOLD-WATCH,6,Medium,Medium,watchlist,PASS,quality,7,430.26,USD,Technology,Taiwan,32.462284,19.825224,0.83,183.7,49.9,16.504,36.0,32.42,0.94,1.247,77.0,,"Best unowned name on merit — four voices at 6-8, ROE 40%, net cash, 19.8x forward on 36% growth, diversifies sector and country. WATCH on capital, not doubt: zero free SEK. Conviction capped by roic/fcf_yield being unreliable and unflagged (S24).",open,,
2026-09-21T06:39:44+00:00,20260921T061004-candidates.csv,chairman,INVE-A.ST,HOLD-WATCH,5,Low,Medium,holding,MISSING,quality,10,401.0,SEK,Financial Services,Sweden,4.679659,,4.91,40.7,80.1,11.589,117.0,13.51,1.4,0.78,87.0,,"Sixth sweep deadlocked. Three insiders bought within three weeks at or above today's 401.00, but no NAV discount/premium exists (S6) so no valuation verdict is possible. No add without the number, no sale against that buying. See D-b.",open,,
2026-09-28T06:40:04+00:00,20260928T062201-candidates.csv,fundamental,V,BUY,8,Medium,Medium,new,PASS,quality,6,367.98,USD,Financial Services,United States,31.239796,24.484982,1.66,41.5,50.8,67.821,14.4,2.96,0.73,0.761,81.0,,"ROIC 41.5%, ROE 61.2%, net margin 50.8%, net debt/EBITDA 0.32, revenue +14.4% on 10.9% 3y CAGR: >40% ROIC with double-digit growth and no balance-sheet strain. Moat reasoning qualitative; no field measures it.",open,,
2026-09-28T06:40:04+00:00,20260928T062201-candidates.csv,fundamental,NVDA,BUY,7,Medium,Medium,watchlist,PASS,quality,3,224.58,USD,Technology,United States,28.489874,14.351548,0.47,59.2,63.7,16.971,105.9,0.77,0.44,2.217,83.0,,"ROIC 59.2%, ROE 117.2%, margins 63.7/66.2, net cash. Held at 7: FCF yield 0.77% vs ~3.5% earnings yield means under a quarter of earnings reached free cash this period; trailing-only FCF can't say why.",open,,
2026-09-28T06:40:04+00:00,20260928T062201-candidates.csv,fundamental,MA,BUY,7,Medium,Medium,new,FAIL,quality,5,566.08,USD,Financial Services,United States,31.25826,24.653841,1.48,56.1,46.3,439.583,14.1,3.41,0.61,0.735,74.0,,"Pulled back in against screen FAIL: D/E 439.58 is a buyback negative-equity artifact (net debt/EBITDA 0.59). ROIC 56.1%, margins 46.3/61.1, revenue +14.1% on 13.8% 3y CAGR.",open,,
2026-09-28T06:40:04+00:00,20260928T062201-candidates.csv,fundamental,TSM,BUY,6,Low,Medium,watchlist,PASS,quality,7,451.15,USD,Technology,Taiwan,33.552494,20.552242,0.86,183.7,49.9,16.504,36.0,31.27,0.9,1.247,87.0,,"Case rests on ROE 40.0%, net margin 49.9%, op margin 60.3%, net debt/EBITDA -0.77 only. roic_pct 183.7% and fcf_yield 31.27% discarded as implausible and unflagged a 4th sweep (S24).",open,,
2026-09-28T06:40:04+00:00,20260928T062201-candidates.csv,fundamental,ATCO-B.ST,BUY,6,Medium,Medium,holding,MISSING,quality,57,176.2,SEK,Industrials,Sweden,32.582417,,2.18,39.7,15.7,33.668,9.1,2.99,1.69,1.072,82.0,,"Best business among holdings: ROIC 39.7%, ROE 25.7%, op margin 20.6%, net debt/EBITDA 0.50, ttm revenue +9.1%. Business-quality verdict only; price is Valuation's objection. forward_pe MISSING (S21).",open,,
2026-09-28T06:40:04+00:00,20260928T062201-candidates.csv,fundamental,ABB.ST,SELL,7,Medium,Medium,holding,FAIL,quality,67,966.2,SEK,Industrials,Switzerland,35.587692,36.425045,1.31,20.6,14.1,55.751,14.2,0.09,1.16,1.008,78.0,,"FCF yield 0.09%, FCF/revenue ~4.4% (1.57B/35.75B) - worst cash conversion held - with forward multiple above trailing. Earnings-quality failure. FCF trailing-only; capex timing not excluded.",open,,
2026-09-28T06:40:04+00:00,20260928T062201-candidates.csv,valuation,VICI,BUY,8,Medium,Medium,new,PASS,contrarian,10,23.27,USD,Real Estate,United States,9.112404,7.8628764,,4.8,67.5,60.277,5.7,1.03,7.83,0.682,1.0,,"9.11x trailing / 7.86x forward, 7.83% yield, 67.5% net margin, revenue +5.7% on 15.5% CAGR, 1% of 52w range, PASS - cheaper than last sweep with no fetched deterioration. No EV/EBITDA; approximating from net debt/EBITDA 4.82.",open,,
2026-09-28T06:40:04+00:00,20260928T062201-candidates.csv,valuation,NVDA,BUY,7,Medium,Medium,watchlist,PASS,quality,3,224.58,USD,Technology,United States,28.489874,14.351548,0.47,59.2,63.7,16.971,105.9,0.77,0.44,2.217,83.0,,"PEG 0.47, forward 14.35x vs trailing 28.49x on 105.9% revenue growth - a forward multiple below KO 24.90, PG 19.76, JNJ 22.34. Assumes AI capex continues; no revisions data fetched.",open,,
2026-09-28T06:40:04+00:00,20260928T062201-candidates.csv,valuation,AZN.ST,BUY,6,Medium,Medium,holding,MISSING,defensive,62,1630.0,SEK,Healthcare,United Kingdom,24.954367,,1.16,13.1,17.0,64.225,6.4,0.19,1.84,0.205,45.0,,"PEG 1.16 (from 1.33), 45% of range. Background, labelled: large-cap pharma typically 15-20x trailing, so raw 24.95x is a premium, growth-adjusted is not. FCF yield 0.19%; forward_pe MISSING all 6 runs.",open,,
2026-09-28T06:40:04+00:00,20260928T062201-candidates.csv,valuation,TSM,BUY,6,Medium,Medium,watchlist,PASS,quality,7,451.15,USD,Technology,Taiwan,33.552494,20.552242,0.86,183.7,49.9,16.504,36.0,31.27,0.9,1.247,87.0,,"PEG 0.86, forward 20.55x vs trailing 33.55x on 36% growth, net cash. Lowered from 7: price +4.9% to 87% of range, some of the discount already gone.",open,,
2026-09-28T06:40:04+00:00,20260928T062201-candidates.csv,valuation,ALL,BUY,5,Low,Medium,new,PASS,value,14,227.17,USD,Financial Services,United States,4.5574694,8.20459,1.67,32.4,19.0,22.261,11.8,26.34,1.9,0.15,44.0,,"Trailing 4.56x, forward 8.20x, PEG 1.67, beta 0.15. Buying 8.2x forward not 4.6x trailing: price fell 9.9% this week and fwd>trailing implies ~40-45% earnings drop. FCF yield 26.34% (insurer float) not reasoned from.",open,,
2026-09-28T06:40:04+00:00,20260928T062201-candidates.csv,valuation,ABB.ST,SELL,7,Medium,Medium,holding,FAIL,quality,67,966.2,SEK,Industrials,Switzerland,35.587692,36.425045,1.31,20.6,14.1,55.751,14.2,0.09,1.16,1.008,78.0,,"Forward P/E 36.43 above trailing 35.59 despite 14.2% revenue growth, screen FAIL; P/B 109.57 suspect (FX-corrected ~11.7x). No margin of safety on any available read.",open,,
2026-09-28T06:40:04+00:00,20260928T062201-candidates.csv,valuation,ATCO-B.ST,SELL,5,Medium,Medium,holding,MISSING,quality,57,176.2,SEK,Industrials,Sweden,32.582417,,2.18,39.7,15.7,33.668,9.1,2.99,1.69,1.072,82.0,,"Trailing 32.58x, PEG 2.18, 82% of range. Background, labelled: industrials norm mid-teens to low-20s. Quality not disputed; price is.",open,,
2026-09-28T06:40:04+00:00,20260928T062201-candidates.csv,growth,NVDA,BUY,8,Medium,Medium,watchlist,PASS,quality,3,224.58,USD,Technology,United States,28.489874,14.351548,0.47,59.2,63.7,16.971,105.9,0.77,0.44,2.217,83.0,,"Revenue +105.9% on 100.0% 3y CAGR, PEG 0.47, forward 14.35 vs trailing 28.49 - widest forward/trailing gap among clean-data names. No backlog, revisions or TAM data.",open,,
2026-09-28T06:40:04+00:00,20260928T062201-candidates.csv,growth,LLY,BUY,6,Medium,Medium,new,PASS,quality,21,1181.89,USD,Healthcare,United States,39.686787,24.996862,1.17,38.4,33.5,162.071,47.7,1.05,0.58,0.502,81.0,,"Pulled in (rank 21): revenue +47.7% on 31.7% CAGR, op margin 54.2%, ROIC 38.4%, PEG 1.17, forward 25.0x vs trailing 39.7x. D/E 162.07; one-drug-class dependency is qualitative.",open,,
2026-09-28T06:40:04+00:00,20260928T062201-candidates.csv,growth,AVGO,BUY,5,Low,Medium,watchlist,FAIL,growth,18,350.36,USD,Technology,United States,45.582687,18.20118,0.35,24.0,42.9,59.604,85.5,1.82,0.74,1.457,29.0,,"Pulled in against FAIL (trailing P/E 45.58): forward 18.20x on revenue +85.5% (24.4% CAGR), PEG 0.35. Held at 5: 29% of range unexplained, likely acquisition base effect I cannot separate.",open,,
2026-09-28T06:40:04+00:00,20260928T062201-candidates.csv,growth,VOLV-B.ST,BUY,5,Low,Medium,holding,PASS,value,66,321.2,SEK,Industrials,Sweden,18.46678,13.060242,0.95,9.9,7.6,147.349,2.7,3.63,2.61,0.975,59.0,,"Forward 13.06 < trailing 18.47, PEG 0.95, ttm revenue turned +2.7% after two-year decline - an inflection. Thin: 3y CAGR +0.4%, D/E 147.35. Test is the 2026-10-23 print.",open,,
2026-09-28T06:40:04+00:00,20260928T062201-candidates.csv,growth,APP,BUY,5,Low,Medium,new,PASS,quality,1,312.47,USD,Communication Services,United States,23.867126,14.811169,0.67,65.5,64.6,111.13,52.8,3.05,,2.488,3.0,,"+52.8% revenue at 77.7% op margin, PEG 0.67. Held at 5: 3% of 52w range for a 6th run and no revision/TAM data to adjudicate the market's disagreement (S29).",open,,
2026-09-28T06:40:04+00:00,20260928T062201-candidates.csv,growth,ABB.ST,SELL,5,Medium,Medium,holding,FAIL,quality,67,966.2,SEK,Industrials,Switzerland,35.587692,36.425045,1.31,20.6,14.1,55.751,14.2,0.09,1.16,1.008,78.0,,14.2% revenue growth being handed back in margin - forward multiple above trailing. A growth story only in the revenue line.,open,,
2026-09-28T06:40:04+00:00,20260928T062201-candidates.csv,growth,SHB-A.ST,SELL,4,Medium,Medium,holding,MISSING,defensive,43,154.5,SEK,Financial Services,Sweden,13.032581,13.672217,19.5,1.2,42.6,,-3.8,,5.13,0.504,94.0,,"Revenue -3.8%, z_growth -1.275 worst held, forward 13.67 above trailing 13.03. Immaterial at one share (154.50 SEK).",open,,
2026-09-28T06:40:04+00:00,20260928T062201-candidates.csv,defensive,VRTX,BUY,7,Medium,Medium,new,PASS,defensive,48,522.38,USD,Healthcare,United States,30.681633,26.187988,1.93,17.0,35.0,9.767,12.5,1.97,,0.32,78.0,,"Pulled in (rank 48): beta 0.320, net debt/EBITDA -1.15, D/E 9.77, net margin 35.0%, revenue +12.5%. Only candidate with net cash, sub-10 D/E, sub-0.4 beta and double-digit growth, in a 5.18%-10y Transitional regime.",open,,
2026-09-28T06:40:04+00:00,20260928T062201-candidates.csv,defensive,CME,BUY,6,Medium,Medium,new,PASS,defensive,46,268.91,USD,Financial Services,United States,22.413559,20.460438,4.6,11.4,63.4,14.587,0.8,3.06,1.97,0.275,46.0,,"Beta 0.275, net debt/EBITDA 0.33, net margin 63.4%; volumes rise in shocks, so it gains in a crash, cheap to hold at VIX 14.21. Cost: PEG 4.60 on 0.8% growth.",open,,
2026-09-28T06:40:04+00:00,20260928T062201-candidates.csv,defensive,AZN.ST,BUY,6,Medium,Medium,holding,MISSING,defensive,62,1630.0,SEK,Healthcare,United Kingdom,24.954367,,1.16,13.1,17.0,64.225,6.4,0.19,1.84,0.205,45.0,,"Beta 0.205, lowest held, ballast against a 53.98% industrials sleeve. Caveat: FCF yield 0.19% puts defensiveness in revenue, not cash.",open,,
2026-09-28T06:40:04+00:00,20260928T062201-candidates.csv,defensive,MO,BUY,5,Low,Medium,new,MISSING,quality,15,68.88,USD,Consumer Defensive,United States,14.488421,11.735956,2.64,56.3,39.0,,1.2,7.86,6.45,0.494,63.0,,"Beta 0.494, 6.45% dividend, 7.86% FCF yield, net debt/EBITDA 1.41. Lowered from 6: revenue +1.2% on -0.9% CAGR is a shrinking business. roe/de MISSING; exclusions list empty.",open,,
2026-09-28T06:40:04+00:00,20260928T062201-candidates.csv,defensive,VOLV-B.ST,SELL,4,Low,Medium,holding,PASS,value,66,321.2,SEK,Industrials,Sweden,18.46678,13.060242,0.95,9.9,7.6,147.349,2.7,3.63,2.61,0.975,59.0,,"D/E 147.35, net debt/EBITDA 3.8 - most leveraged holding in most cyclical end-market, and the only one to fall materially this week (-4.9%). Risk view only; Growth's inflection case may win.",open,,
2026-09-28T06:40:04+00:00,20260928T062201-candidates.csv,contrarian,VICI,BUY,6,Medium,Medium,new,PASS,contrarian,10,23.27,USD,Real Estate,United States,9.112404,7.8628764,,4.8,67.5,60.277,5.7,1.03,7.83,0.682,1.0,,"6 runs of unchanged fundamentals (rev +5.7%, margin 67.5%, PASS) while price fell 26.51 to 23.27 (-12.2%): rates repriced, not the asset. This week's 10y +24bp / price -3.5% fits Macro's case; the yield pays for waiting.",open,,
2026-09-28T06:40:04+00:00,20260928T062201-candidates.csv,contrarian,PEP,BUY,6,Medium,Medium,watchlist,PASS,contrarian,64,128.15,USD,Consumer Defensive,United States,16.858454,14.354602,1.32,17.1,10.8,238.949,6.4,4.46,4.6,0.361,3.0,,"Pulled in: now 3% of range (was 10%), PEG 1.32, 4.6% dividend, 4.46% FCF yield, beta 0.361, revenue +6.4%. Narrative-driven de-rating while fetched revenue has not turned. Risk: D/E 238.95.",open,,
2026-09-28T06:40:04+00:00,20260928T062201-candidates.csv,contrarian,APP,BUY,5,Low,Medium,new,PASS,quality,1,312.47,USD,Communication Services,United States,23.867126,14.811169,0.67,65.5,64.6,111.13,52.8,3.05,,2.488,3.0,,3% of range for a 6th run while revenue +52.8% at 77.7% op margin and price flat since 08-25 (305.77 to 312.47): the drawdown predates observation and nothing since deteriorated. S29 hides the fall's level/date.,open,,
2026-09-28T06:40:04+00:00,20260928T062201-candidates.csv,macro,V,BUY,6,Medium,Medium,new,PASS,quality,6,367.98,USD,Financial Services,United States,31.239796,24.484982,1.66,41.5,50.8,67.821,14.4,2.96,0.73,0.761,81.0,,"Revenue is a share of nominal spend, so 3.71% US CPI is revenue; USD earnings sit with a 119.51 dollar. Lowered from 7: regime is now Transitional and SEK/USD 9.86 FX risk applies to any US purchase.",open,,
2026-09-28T06:40:04+00:00,20260928T062201-candidates.csv,macro,AZN.ST,BUY,6,Medium,Medium,holding,MISSING,defensive,62,1630.0,SEK,Healthcare,United Kingdom,24.954367,,1.16,13.1,17.0,64.225,6.4,0.19,1.84,0.205,45.0,,Regime lens names quality defensives with real earnings as what Transitional rewards; AZN is the only holding it marks not wrong-side. Revenue-currency mix unmeasured.,open,,
2026-09-28T06:40:04+00:00,20260928T062201-candidates.csv,macro,TSM,BUY,5,Low,Medium,watchlist,PASS,quality,7,451.15,USD,Technology,Taiwan,33.552494,20.552242,0.86,183.7,49.9,16.504,36.0,31.27,0.9,1.247,87.0,,Structurally long the strong dollar (USD revenue). Lowered from 6: Transitional regime with a 5.18% 10y punishes long-duration growth multiples. Taiwan risk unpriced by any field.,open,,
2026-09-28T06:40:04+00:00,20260928T062201-candidates.csv,copycat,AZN.ST,BUY,8,High,Medium,holding,MISSING,defensive,62,1630.0,SEK,Healthcare,United Kingdom,24.954367,,1.16,13.1,17.0,64.225,6.4,0.19,1.84,0.205,45.0,,"CEO Soriot 60,000 shares at 121.02 GBP and Chairman Demare 2,500 at 121.21 GBP, both 14/09, real market prices; no disposals by either since. CFO Sarin's 0.00-price lines are vestings, no signal.",open,,
2026-09-28T06:40:04+00:00,20260928T062201-candidates.csv,copycat,INVE-A.ST,BUY,6,Medium,Medium,holding,MISSING,quality,12,401.9,SEK,Financial Services,Sweden,4.721671,,4.91,40.7,80.1,11.589,117.0,13.39,1.38,0.78,87.0,,"Five distinct 2026 buyers, zero disposals (Cederholm 1,500 at 395.90, Lund 1,000 at 399.13, Elfving 850 at 411.55 most recent). Lowered from 7: no new purchase this week.",open,,
2026-09-28T06:40:04+00:00,20260928T062201-candidates.csv,copycat,ALFA.ST,BUY,5,Medium,Medium,holding,PASS,defensive,69,559.6,SEK,Industrials,Sweden,28.411499,25.679125,1.77,13.6,11.6,45.751,7.7,2.1,1.6,0.783,81.0,,"CFO Ekstrom bought 1,000 at 547.49 on 11/09, today's 559.60 only 2.2% above; multi-year buy-only record with zero disposals per thesis-review. The disposal break condition has not fired.",open,,
2026-09-28T06:40:04+00:00,20260928T062201-candidates.csv,chairman,ABB.ST,SELL,7,Medium,Medium,holding,FAIL,quality,67,966.2,SEK,Industrials,Switzerland,35.587692,36.425045,1.31,20.6,14.1,55.751,14.2,0.09,1.16,1.008,78.0,,"Sixth sweep. Forward 36.43 above trailing 35.59, FCF/revenue ~4.4%, thesis BROKEN. Not a consensus sell (Defensive, Copycat decline). Execute before 2026-10-20 print; no longer conditional on destination.",open,,
2026-09-28T06:40:04+00:00,20260928T062201-candidates.csv,chairman,AZN.ST,BUY,7,Medium,Medium,holding,MISSING,defensive,62,1630.0,SEK,Healthcare,United Kingdom,24.954367,,1.16,13.1,17.0,64.225,6.4,0.19,1.84,0.205,45.0,,"1 share. CEO+Chairman open-market buys 14/09, PEG 1.16, beta 0.205. Unfunded: ISK 845.43 SEK vs 1,630.00 price; funded by P3. Against: FCF yield 0.19%, Healthcare already 39.47% of sleeve (WATCH).",open,,
2026-09-28T06:40:04+00:00,20260928T062201-candidates.csv,chairman,VICI,BUY,5,Low,Medium,new,PASS,contrarian,10,23.27,USD,Real Estate,United States,9.112404,7.8628764,,4.8,67.5,60.277,5.7,1.03,7.83,0.682,1.0,,~16 shares from ABB proceeds; takes Industrials ACT 53.98% to ~42%. Lowered from 6: the 10y moved 4.94 to 5.18% and price fell 3.5% - the observable last sweep named moved against it. Holding cash instead leaves Industrials ~47.9%.,open,,
2026-09-28T06:40:04+00:00,20260928T062201-candidates.csv,chairman,NVDA,HOLD-WATCH,6,Medium,Medium,watchlist,PASS,quality,3,224.58,USD,Technology,United States,28.489874,14.351548,0.47,59.2,63.7,16.971,105.9,0.77,0.44,2.217,83.0,,"Cheapest clean-data growth in the set: +105.9% revenue, forward 14.35 vs 28.49, PEG 0.47, no suspect flag. WATCH on capital (ISK 845.43 SEK) and unverified drawdown tolerance (beta 2.217, S26); FCF yield 0.77% open question.",open,,
2026-09-28T06:40:04+00:00,20260928T062201-candidates.csv,chairman,CHTR,NO_ACTION,6,Medium,Medium,new,FAIL,value,9,117.55,USD,Communication Services,United States,2.9380693,2.6973245,0.64,8.9,9.1,441.578,-1.7,14.98,,0.687,3.0,,"First top-10 run (rank 9 from 14), reached by falling 11.9% in a week. P/E 2.94, FCF yield 14.98% vs D/E 441.58, net debt/EBITDA 4.41, revenue -1.7%: equity is a thin slice under heavy debt. Screen FAIL deserved.",open,,
2026-10-05T06:44:41+00:00,20261005T062058-candidates.csv,fundamental,V,BUY,8,Medium,Medium,new,PASS,quality,6,359.85,USD,Financial Services,United States,30.694468,24.03711,1.63,41.5,50.8,67.821,14.4,3.01,0.74,0.761,72.0,,"ROIC 41.5%, ROE 61.2%, net margin 50.8%, net debt/EBITDA 0.32, revenue +14.4% on 10.9% CAGR - unchanged fundamentals at a 2.2% lower price. Moat reasoning qualitative.",open,,
2026-10-05T06:44:41+00:00,20261005T062058-candidates.csv,fundamental,NVDA,BUY,7,Medium,Medium,watchlist,PASS,quality,4,230.86,USD,Technology,United States,29.576487,14.905945,0.29,59.2,63.7,16.971,105.9,0.74,0.43,2.217,90.0,,"ROIC 59.2%, margins 63.7/66.2, net cash. Held at 7: FCF yield 0.74% (USD/USD, genuine) vs ~3.4% earnings yield - about a fifth of earnings reached free cash.",open,,
2026-10-05T06:44:41+00:00,20261005T062058-candidates.csv,fundamental,MA,BUY,7,Medium,Medium,new,FAIL,quality,5,550.0,USD,Financial Services,United States,30.377338,23.985432,1.44,56.1,46.3,439.583,14.1,3.51,0.63,0.735,63.0,,"Pulled in against FAIL: D/E 439.58 is buyback negative equity, net debt/EBITDA 0.59. ROIC 56.1%, margins 46.3/61.1, revenue +14.1% on 13.8% CAGR.",open,,
2026-10-05T06:44:41+00:00,20261005T062058-candidates.csv,fundamental,ATCO-B.ST,BUY,6,Medium,Medium,holding,MISSING,quality,57,177.5,SEK,Industrials,Sweden,33.076923,,2.21,39.7,15.7,33.668,9.1,2.95,1.66,1.072,85.0,,"Best business held: ROIC 39.7%, op margin 20.6%, net debt/EBITDA 0.50, FCF/revenue 15.3% (SEK/SEK, clean). Business verdict only; price is Valuation's objection.",open,,
2026-10-05T06:44:41+00:00,20261005T062058-candidates.csv,fundamental,TSM,BUY,5,Low,Medium,watchlist,PASS,quality,7,459.2,USD,Technology,Taiwan,34.359013,21.563414,0.9,183.7,49.9,16.504,36.0,29.8,0.8,1.247,91.0,,"Rests on ROE 40.0%, op margin 60.3%, net debt/EBITDA -0.77. roic 183.7% and fcf_yield 29.8% discarded, suspected TWD-over-USD unit error (S24, 5th sweep unflagged).",open,,
2026-10-05T06:44:41+00:00,20261005T062058-candidates.csv,fundamental,AZN.ST,BUY,5,Medium,Medium,holding,MISSING,defensive,59,1599.0,SEK,Healthcare,United Kingdom,25.123703,,1.1,13.1,17.0,64.225,6.4,0.2,1.92,0.205,29.0,,"Unit-corrected: FCF/revenue 8.0% (USD/USD), FCF yield ~2.0% not 0.20% (USD FCF over SEK mcap). Gross 81.7%, op 23.5%, revenue up every year 2022-25. ROIC 13.1% good not excellent.",open,,
2026-10-05T06:44:41+00:00,20261005T062058-candidates.csv,fundamental,ABB.ST,SELL,6,Medium,Medium,holding,FAIL,quality,66,961.4,SEK,Industrials,Switzerland,38.462135,37.586338,1.33,20.6,14.1,55.751,14.2,0.09,1.12,1.008,77.0,,"FCF/revenue 4.4% (USD/USD), thinnest held vs ATCO 15.3%. Lowered from 7: last sweep's 0.09% FCF yield was a USD/SEK unit artifact; corrected ~0.87%.",open,,
2026-10-05T06:44:41+00:00,20261005T062058-candidates.csv,valuation,VICI,BUY,8,Medium,Medium,new,PASS,contrarian,10,22.73,USD,Real Estate,United States,8.81323,7.5752506,,4.8,67.5,60.277,5.7,1.07,8.12,0.682,2.0,,"8.81x trailing / 7.58x forward, 8.12% dividend, 67.5% margin, revenue +5.7%, 2% of range, PASS - cheaper again with no fetched deterioration. No EV/EBITDA/FFO; net debt/EBITDA 4.82.",open,,
2026-10-05T06:44:41+00:00,20261005T062058-candidates.csv,valuation,AZN.ST,BUY,7,Medium,Medium,holding,MISSING,defensive,59,1599.0,SEK,Healthcare,United Kingdom,25.123703,,1.1,13.1,17.0,64.225,6.4,0.2,1.92,0.205,29.0,,"PEG 1.1, 29% of range, price -1.9%. FX-corrected P/S ~4.0x and FCF yield ~2.0% (raw 39.8x / 0.20% are unit errors). forward_pe MISSING all 7 runs.",open,,
2026-10-05T06:44:41+00:00,20261005T062058-candidates.csv,valuation,NVDA,BUY,7,Medium,Medium,watchlist,PASS,quality,4,230.86,USD,Technology,United States,29.576487,14.905945,0.29,59.2,63.7,16.971,105.9,0.74,0.43,2.217,90.0,,Forward 14.91x vs trailing 29.58x on 105.9% growth. PEG move 0.47->0.29 with no report not relied on; the forward/trailing gap carries the case.,open,,
2026-10-05T06:44:41+00:00,20261005T062058-candidates.csv,valuation,TSM,BUY,5,Low,Medium,watchlist,PASS,quality,7,459.2,USD,Technology,Taiwan,34.359013,21.563414,0.9,183.7,49.9,16.504,36.0,29.8,0.8,1.247,91.0,,"PEG 0.90, forward 21.56x vs trailing 34.36x, net cash. Lowered from 6: price up again to 91% of range.",open,,
2026-10-05T06:44:41+00:00,20261005T062058-candidates.csv,valuation,ABB.ST,SELL,6,Medium,Medium,holding,FAIL,quality,66,961.4,SEK,Industrials,Switzerland,38.462135,37.586338,1.33,20.6,14.1,55.751,14.2,0.09,1.12,1.008,77.0,,Richest multiple held (38.46x/37.59x). Lowered from 7: last sweep's forward-above-trailing inversion has flipped (now 2.3% below) - forward EPS implied ~flat on 14.2% revenue growth.,open,,
2026-10-05T06:44:41+00:00,20261005T062058-candidates.csv,valuation,ATCO-B.ST,SELL,5,Medium,Medium,holding,MISSING,quality,57,177.5,SEK,Industrials,Sweden,33.076923,,2.21,39.7,15.7,33.668,9.1,2.95,1.66,1.072,85.0,,"Trailing 33.1x, PEG 2.21, 85% of range. Quality not disputed; price is.",open,,
2026-10-05T06:44:41+00:00,20261005T062058-candidates.csv,growth,NVDA,BUY,8,Medium,Medium,watchlist,PASS,quality,4,230.86,USD,Technology,United States,29.576487,14.905945,0.29,59.2,63.7,16.971,105.9,0.74,0.43,2.217,90.0,,"Revenue +105.9% on 100.0% CAGR, forward at half of trailing, clean data. No revisions/backlog/TAM data.",open,,
2026-10-05T06:44:41+00:00,20261005T062058-candidates.csv,growth,LLY,BUY,6,Medium,Medium,new,PASS,quality,22,1149.85,USD,Healthcare,United States,38.363544,24.013262,1.13,38.4,33.5,162.071,47.7,1.09,0.61,0.502,72.0,,"Pulled in (rank 22): revenue +47.7% on 31.7% CAGR, op margin 54.2%, ROIC 38.4%, forward 24.0x vs 38.4x. D/E 162.07; single drug-class dependency qualitative.",open,,
2026-10-05T06:44:41+00:00,20261005T062058-candidates.csv,growth,APP,BUY,5,Low,Medium,new,PASS,quality,1,281.31,USD,Communication Services,United States,20.61645,12.784076,0.58,65.5,64.6,111.13,52.8,3.53,0.0,2.488,3.0,,"+52.8% revenue at 77.7% op margin, forward 12.8x vs 20.6x. Held at 5: price -10.0% this week to fresh lows; no revisions data to adjudicate. Test: 11-04 print.",open,,
2026-10-05T06:44:41+00:00,20261005T062058-candidates.csv,growth,AVGO,BUY,5,Low,Medium,watchlist,FAIL,growth,19,343.64,USD,Technology,United States,45.356323,18.31202,0.35,24.0,42.9,59.604,85.5,1.8,0.73,1.457,26.0,,"Pulled in against FAIL (trailing 45.36): forward 18.31x on +85.5% revenue, 26% of range. 85.5% vs 24.4% CAGR likely acquisition base effect.",open,,
2026-10-05T06:44:41+00:00,20261005T062058-candidates.csv,growth,VOLV-B.ST,BUY,5,Low,Medium,holding,PASS,value,65,318.4,SEK,Industrials,Sweden,17.855928,12.64257,0.92,9.9,7.6,147.349,2.7,3.75,2.7,0.975,57.0,,"Forward 12.64 < trailing 17.86, PEG 0.92 (1.49 at purchase), ttm revenue +2.7% after two-year decline. Thin: 3y CAGR +0.4%. Test: 10-23 print.",open,,
2026-10-05T06:44:41+00:00,20261005T062058-candidates.csv,growth,SHB-A.ST,SELL,4,Medium,Medium,holding,MISSING,defensive,42,152.0,SEK,Financial Services,Sweden,12.812239,13.396145,19.1,1.2,42.6,,-3.8,,5.23,0.504,86.0,,"Revenue -3.8%, z_growth -1.274 worst held, forward 13.40 above trailing 12.81. Immaterial at one share.",open,,
2026-10-05T06:44:41+00:00,20261005T062058-candidates.csv,growth,ABB.ST,SELL,4,Low,Medium,holding,FAIL,quality,66,961.4,SEK,Industrials,Switzerland,38.462135,37.586338,1.33,20.6,14.1,55.751,14.2,0.09,1.12,1.008,77.0,,Forward multiple implies ~2% next-year EPS growth on 14.2% revenue growth; PEG 1.33 implies ~29%. Contradictory estimate fields; growth not reaching earnings.,open,,
2026-10-05T06:44:41+00:00,20261005T062058-candidates.csv,defensive,AZN.ST,BUY,7,Medium,Medium,holding,MISSING,defensive,59,1599.0,SEK,Healthcare,United Kingdom,25.123703,,1.1,13.1,17.0,64.225,6.4,0.2,1.92,0.205,29.0,,"Beta 0.205, net debt/EBITDA 1.38, op margin 23.5%, revenue up four fiscal years. Unit correction (FCF/revenue 8.0%) removes last sweep's cash caveat.",open,,
2026-10-05T06:44:41+00:00,20261005T062058-candidates.csv,defensive,CME,BUY,6,Medium,Medium,new,PASS,defensive,44,265.1,USD,Financial Services,United States,22.318916,20.339703,4.58,11.4,63.4,14.587,0.8,3.07,1.98,0.275,42.0,,"Beta 0.275, net debt/EBITDA 0.33, net margin 63.4%; volumes typically rise in shocks (qualitative, no volume data). Cost: PEG 4.58 on 0.8% growth.",open,,
2026-10-05T06:44:41+00:00,20261005T062058-candidates.csv,defensive,EOG,BUY,5,Low,Medium,new,PASS,defensive,51,141.31,USD,Energy,United States,11.002335,9.221128,1.25,21.5,25.7,25.891,58.7,6.04,2.89,0.272,76.0,,"New to set: beta 0.272, net debt/EBITDA 0.23, margin 25.7%, FCF yield 6.04%, fwd 9.2x - cash flow that holds in an inflation/rates shock. No commodity data; ttm +58.7% vs -4.2% CAGR is cyclical.",open,,
2026-10-05T06:44:41+00:00,20261005T062058-candidates.csv,defensive,MO,BUY,4,Low,Medium,new,MISSING,quality,15,66.95,USD,Consumer Defensive,United States,14.178947,11.485275,2.58,56.3,39.0,,1.2,8.03,6.59,0.494,55.0,,"Beta 0.494, 6.59% dividend, 8.03% FCF yield, net debt/EBITDA 1.41. Shrinking business (+1.2% on -0.9% CAGR); de_ratio/roe MISSING; exclusions list empty.",open,,
2026-10-05T06:44:41+00:00,20261005T062058-candidates.csv,defensive,VOLV-B.ST,SELL,4,Low,Medium,holding,PASS,value,65,318.4,SEK,Industrials,Sweden,17.855928,12.64257,0.92,9.9,7.6,147.349,2.7,3.75,2.7,0.975,57.0,,"D/E 147.35, net debt/EBITDA 3.8 - most leveraged holding, in a +1.45pp Swedish real-rate regime. Risk view only.",open,,
2026-10-05T06:44:41+00:00,20261005T062058-candidates.csv,contrarian,VICI,BUY,6,Medium,Medium,new,PASS,contrarian,10,22.73,USD,Real Estate,United States,8.81323,7.5752506,,4.8,67.5,60.277,5.7,1.07,8.12,0.682,2.0,,"7 runs of unchanged fundamentals while price fell 26.51 to 22.73 (-14.3%) as the 10y rose: discount rate repriced, not the asset. 8.12% yield pays for being early.",open,,
2026-10-05T06:44:41+00:00,20261005T062058-candidates.csv,contrarian,PEP,BUY,6,Medium,Medium,watchlist,PASS,contrarian,64,125.6,USD,Consumer Defensive,United States,16.499344,14.10948,1.29,17.1,10.8,238.949,6.4,4.55,4.7,0.361,1.0,,"Now 1% of range (125.60), revenue +6.4%, PEG 1.29, 4.7% dividend, 4.55% FCF yield, beta 0.361: narrative de-rating while revenue hasn't turned. Risk: D/E 238.95.",open,,
2026-10-05T06:44:41+00:00,20261005T062058-candidates.csv,contrarian,APP,BUY,4,Low,Medium,new,PASS,quality,1,281.31,USD,Communication Services,United States,20.61645,12.784076,0.58,65.5,64.6,111.13,52.8,3.53,0.0,2.488,3.0,,"77.7% op margin, +52.8% growth at 12.8x forward priced for a collapse reported numbers don't show - but -10% to fresh lows implies information the file lacks (S29).",open,,
2026-10-05T06:44:41+00:00,20261005T062058-candidates.csv,macro,AZN.ST,BUY,6,Medium,Medium,holding,MISSING,defensive,59,1599.0,SEK,Healthcare,United Kingdom,25.123703,,1.1,13.1,17.0,64.225,6.4,0.2,1.92,0.205,29.0,,Only holding the regime lens marks right-side in a Transitional regime: low-duration defensive with real earnings. Revenue-currency mix unmeasured.,open,,
2026-10-05T06:44:41+00:00,20261005T062058-candidates.csv,macro,V,BUY,6,Medium,Medium,new,PASS,quality,6,359.85,USD,Financial Services,United States,30.694468,24.03711,1.63,41.5,50.8,67.821,14.4,3.01,0.74,0.761,72.0,,"Revenue is a share of nominal spend, so 3.71% US CPI is revenue; USD earner with DXY 120.33. FX risk buying at 9.90 SEK/USD.",open,,
2026-10-05T06:44:41+00:00,20261005T062058-candidates.csv,macro,CME,BUY,5,Low,Medium,new,PASS,defensive,44,265.1,USD,Financial Services,United States,22.318916,20.339703,4.58,11.4,63.4,14.587,0.8,3.07,1.98,0.275,42.0,,Rate volatility drives rate-futures activity (qualitative); low-beta US earner in a 5.24% 10y regime. No volume data fetched.,open,,
2026-10-05T06:44:41+00:00,20261005T062058-candidates.csv,copycat,AZN.ST,BUY,7,Medium,Medium,holding,MISSING,defensive,59,1599.0,SEK,Healthcare,United Kingdom,25.123703,,1.1,13.1,17.0,64.225,6.4,0.2,1.92,0.205,29.0,,"CEO Soriot 60,000 at 121.02 GBP and Chairman Demare 2,500 at 121.21 GBP, 14/09, open market; no disposals. Lowered from 8: three weeks old, not extending; GBP/SEK not fetched.",open,,
2026-10-05T06:44:41+00:00,20261005T062058-candidates.csv,copycat,INVE-A.ST,BUY,6,Medium,Medium,holding,MISSING,quality,11,393.4,SEK,Financial Services,Sweden,4.6416903,,4.91,40.7,80.1,11.589,117.0,13.63,1.37,0.78,79.0,,"Latest three insider buys all above today's 393.40 (Cederholm 395.90, Lund 399.13, Elfving 411.55); six 2026 buyers, zero disposals in the pull.",open,,
2026-10-05T06:44:41+00:00,20261005T062058-candidates.csv,copycat,ALFA.ST,BUY,5,Medium,Medium,holding,PASS,defensive,68,550.4,SEK,Industrials,Sweden,28.304743,25.569735,1.76,13.6,11.6,45.751,7.7,2.11,1.6,0.783,75.0,,"CFO Ekstrom bought 1,000 at 547.49 on 11/09, price now +0.5% above; nine acquisitions, zero disposals back to 2023.",open,,
2026-10-05T06:44:41+00:00,20261005T062058-candidates.csv,chairman,ABB.ST,SELL,6,Medium,Medium,holding,FAIL,quality,66,961.4,SEK,Industrials,Switzerland,38.462135,37.586338,1.33,20.6,14.1,55.751,14.2,0.09,1.12,1.008,77.0,,"Fresh re-test: wrong premise (Swiss, not Swedish), richest multiple held, FCF/revenue 4.4%, Industrials ACT. Lowered from 7: inversion flipped, FCF yield was a unit artifact. Sell before 10-20 or the call lapses.",open,,
2026-10-05T06:44:41+00:00,20261005T062058-candidates.csv,chairman,AZN.ST,BUY,7,Medium,Medium,holding,MISSING,defensive,59,1599.0,SEK,Healthcare,United Kingdom,25.123703,,1.1,13.1,17.0,64.225,6.4,0.2,1.92,0.205,29.0,,"1 share. Four lenses converge (PEG 1.1, beta 0.205, CEO+Chairman buys, regime right-side); last sweep's case against (0.19% FCF yield) was a unit error. Unfunded: ISK 845.43 vs 1,599 SEK; P3.",open,,
2026-10-05T06:44:41+00:00,20261005T062058-candidates.csv,chairman,VICI,BUY,5,Low,Medium,new,PASS,contrarian,10,22.73,USD,Real Estate,United States,8.81323,7.5752506,,4.8,67.5,60.277,5.7,1.07,8.12,0.682,2.0,,17 shares from ABB proceeds; takes Industrials ACT 54.32% to ~42.5%. Held at 5: 10y 5.24% has not hit the 5.5% retirement trigger. No REIT metrics; zero US insider data.,open,,
2026-10-05T06:44:41+00:00,20261005T062058-candidates.csv,chairman,NVDA,HOLD-WATCH,6,Medium,Medium,watchlist,PASS,quality,4,230.86,USD,Technology,United States,29.576487,14.905945,0.29,59.2,63.7,16.971,105.9,0.74,0.43,2.217,90.0,,"Cleanest measured growth in the set (+105.9%, fwd 14.91 vs 29.58). WATCH on capital (845.43 SEK ISK) and untested drawdown tolerance (beta 2.217); FCF ~22% of earnings is the open question.",open,,
2026-10-05T06:44:41+00:00,20261005T062058-candidates.csv,chairman,APP,HOLD-WATCH,4,Low,Medium,new,PASS,quality,1,281.31,USD,Communication Services,United States,20.61645,12.784076,0.58,65.5,64.6,111.13,52.8,3.53,0.0,2.488,3.0,,"Funnel #1 for 7 runs, never acted on. Price -10% to fresh 52w lows while every fetched fundamental is unchanged: rank and market disagree on information not in the file. Decided by 11-04 print.",open,,
